{"type":"FeatureCollection","name":"rumson_road_centerlines","metadata":{"source":"NJOGIS NG911 Road Centerlines (Tran_road)","url":"https://services2.arcgis.com/XVOqAjTOJ5P6ngMu/arcgis/rest/services/Tran_road/FeatureServer/0","query_url":"https://services2.arcgis.com/XVOqAjTOJ5P6ngMu/arcgis/rest/services/Tran_road/FeatureServer/0/query","retrieved_at_utc":"2026-09-04T20:06:02.286848+00:00","source_last_edit_date":1785341586960,"out_sr":4326,"query_envelope_wgs84":[-74.0376754,40.3386754,-73.9754549,40.3830822],"spatial_relationship":"esriSpatialRelIntersects","boundary_file":"rumson_boundary.geojson","boundary_sha256":"ef7a7dcf37388c0c6510240def257b833311ece4bd03f286d0fe6996a7159185","fields":["OBJECTID","PRIMENAME","ELEVTYP_F","ELEVTYP_T"],"feature_count":688,"complete_objectid_inventory_verified":true,"municipal_clipping":"Envelope selection only; clip against the actual municipal boundary in the application."},"features":[{"type":"Feature","id":1101,"properties":{"OBJECTID":1101,"PRIMENAME":"Dartmouth Avenue","ELEVTYP_F":0,"ELEVTYP_T":0},"geometry":{"type":"LineString","coordinates":[[-74.0374036176643,40.3542420150228],[-74.0373193290266,40.3542944127331],[-74.0372444889106,40.3543084156461],[-74.0371634387552,40.3543175895928],[-74.037076209498,40.3543172404959],[-74.0369642437206,40.3542977687753],[-74.0368647911203,40.3542640159094],[-74.0367656007144,40.3541921340873],[-74.0362703732116,40.3537373864782],[-74.0355336631526,40.3530576593262],[-74.0354346799331,40.3529663411529]]}},{"type":"Feature","id":1241,"properties":{"OBJECTID":1241,"PRIMENAME":"Navesink River Road","ELEVTYP_F":0,"ELEVTYP_T":0},"geometry":{"type":"LineString","coordinates":[[-74.042908273751,40.3769461030791],[-74.0428993246316,40.3769476870699],[-74.0419635743528,40.3770964794324],[-74.0413709250466,40.3771894703635],[-74.041083885639,40.3772455137144],[-74.0409899251945,40.3772594980204],[-74.0409279434605,40.377268723191],[-74.0407647920175,40.3773289789443],[-74.0406343022988,40.3773771712564],[-74.040284203022,40.3775426050213],[-74.0398029405637,40.3777503947227],[-74.0393966061231,40.3779346254423],[-74.0390653968911,40.3780715252976],[-74.0389150770619,40.3781805410302],[-74.0388084688712,40.378280204758],[-74.0387641717561,40.3783753407948],[-74.0387321044606,40.3785086832771],[-74.0386487810801,40.378846721011],[-74.0385972982632,40.3790847968919],[-74.0385464343328,40.3792371156776],[-74.0384770612645,40.3793559799205],[-74.0383892142175,40.3794414158486],[-74.0382889472458,40.3795268021223],[-74.0381513383469,40.37959773692],[-74.0380467041479,40.3796444660185],[-74.0380138307309,40.3796591467236],[-74.0377014077914,40.3797770662948],[-74.0369642235547,40.3800410027257],[-74.0362458997661,40.3802811816807],[-74.0358273783877,40.3804224720131],[-74.0355838357923,40.38049297849],[-74.035271732279,40.3805632359711],[-74.0346040465373,40.380693994163],[-74.034177265158,40.3807775679]]}},{"type":"Feature","id":2051,"properties":{"OBJECTID":2051,"PRIMENAME":"Ridge Road","ELEVTYP_F":0,"ELEVTYP_T":0},"geometry":{"type":"LineString","coordinates":[[-74.0232962047588,40.357891938031],[-74.0231781490296,40.3579881297704],[-74.0231629543634,40.3580005095949],[-74.0229876822076,40.3581189553401],[-74.022712455537,40.3582750921376],[-74.0224497459379,40.3584217528913],[-74.021668025877,40.3588427093172],[-74.0209765849227,40.359233341147]]}},{"type":"Feature","id":2064,"properties":{"OBJECTID":2064,"PRIMENAME":"Bingham Avenue","ELEVTYP_F":0,"ELEVTYP_T":0},"geometry":{"type":"LineString","coordinates":[[-74.0009268840714,40.3643487315153],[-74.0015358797676,40.3651273649113],[-74.0020047863083,40.3657537210446],[-74.0023566026787,40.3662032210802],[-74.0029984740695,40.3670447982838],[-74.0037081398567,40.3679819755673],[-74.0037945139323,40.368096325796]]}},{"type":"Feature","id":2686,"properties":{"OBJECTID":2686,"PRIMENAME":"Unnamed Segment","ELEVTYP_F":0,"ELEVTYP_T":0},"geometry":{"type":"LineString","coordinates":[[-73.9759884179522,40.3473431850108],[-73.9759714158759,40.347424185375],[-73.9759584166223,40.3476121857494],[-73.9759514155639,40.3477121855915],[-73.9759684164166,40.3477531863392],[-73.9760024165185,40.3477871849912],[-73.976050415653,40.3478101852689],[-73.976105416514,40.3478191869199],[-73.9761604169249,40.3478131855199],[-73.9762094180711,40.3477921854258],[-73.9762474179023,40.3477601853956],[-73.9762644177384,40.347731185798],[-73.9762734168005,40.3476491863625],[-73.9762754177508,40.3476021860098],[-73.9762844168537,40.3473991860774],[-73.9762744151741,40.3473721861439],[-73.9761844169628,40.3472881865902]]}},{"type":"Feature","id":2692,"properties":{"OBJECTID":2692,"PRIMENAME":"Sunny Ridge Drive","ELEVTYP_F":0,"ELEVTYP_T":0},"geometry":{"type":"LineString","coordinates":[[-74.0209765849227,40.359233341147],[-74.0210583853542,40.3593119454078],[-74.0216179909145,40.3598495170531],[-74.0217849466778,40.3600100870811],[-74.0218527125675,40.3600590122031],[-74.02193424899,40.3600941034995],[-74.0220159435446,40.3601118173727],[-74.0220976774584,40.3601191279562],[-74.0221658589351,40.3601194096677],[-74.0222522845149,40.3601023904842],[-74.0223342137223,40.3600818653535],[-74.022416167291,40.3600578808731],[-74.02252071376,40.3600513397092],[-74.0226160344809,40.3600656518216],[-74.0227203112792,40.3600973500137],[-74.0228199326097,40.3601429466307],[-74.0229012981916,40.3602023585627],[-74.0229598503838,40.3602755940689],[-74.0230003790821,40.360334865406],[-74.0230226171417,40.360397519789],[-74.0230357768111,40.3604601367284],[-74.0230307893893,40.36052613822],[-74.0230030522735,40.3605920449865],[-74.0229525246282,40.3606683178782],[-74.0228055435206,40.3608657227605],[-74.0227461249002,40.3609455254423]]}},{"type":"Feature","id":2708,"properties":{"OBJECTID":2708,"PRIMENAME":"Second Street","ELEVTYP_F":0,"ELEVTYP_T":0},"geometry":{"type":"LineString","coordinates":[[-74.0142514887005,40.3743942052342],[-74.0142111059372,40.3743245282191],[-74.0138596006928,40.3738598576674],[-74.0136205867745,40.3735404119953],[-74.0135034669767,40.3733806994613],[-74.0133583119513,40.3731665958725],[-74.0132365604179,40.3729923685626],[-74.0131100447757,40.3728217722847],[-74.0129413808729,40.3725930750718],[-74.0128879550484,40.372520652413]]}},{"type":"Feature","id":3046,"properties":{"OBJECTID":3046,"PRIMENAME":"Evergreen Drive","ELEVTYP_F":0,"ELEVTYP_T":0},"geometry":{"type":"LineString","coordinates":[[-73.9911465563033,40.3713168574137],[-73.9911780355106,40.3713977037424],[-73.9913511356597,40.3718426351724],[-73.9914788294168,40.3722786637189],[-73.9918064243396,40.3733817975717],[-73.991835552605,40.3734797087142]]}},{"type":"Feature","id":3058,"properties":{"OBJECTID":3058,"PRIMENAME":"Normandie Place","ELEVTYP_F":0,"ELEVTYP_T":0},"geometry":{"type":"LineString","coordinates":[[-73.9753638677987,40.3824330498692],[-73.9753139518768,40.3816812509782]]}},{"type":"Feature","id":3114,"properties":{"OBJECTID":3114,"PRIMENAME":"Hillcrest Road","ELEVTYP_F":0,"ELEVTYP_T":0},"geometry":{"type":"LineString","coordinates":[[-74.0249094652915,40.360747363163],[-74.0246515814763,40.3609010773344],[-74.0243512418102,40.3610857184304],[-74.024276090354,40.3611425645046],[-74.0242320507975,40.361199620476],[-74.0242255234469,40.3612424870191]]}},{"type":"Feature","id":3418,"properties":{"OBJECTID":3418,"PRIMENAME":"Markwood Lane","ELEVTYP_F":0,"ELEVTYP_T":0},"geometry":{"type":"LineString","coordinates":[[-73.9914152437166,40.3734605110328],[-73.9914294598418,40.3735413092661],[-73.99147314187,40.3737897203068],[-73.9915327617902,40.3741905852931],[-73.991604092004,40.3745523560286],[-73.9916916529062,40.375023044694]]}},{"type":"Feature","id":3507,"properties":{"OBJECTID":3507,"PRIMENAME":"Fair Haven Road","ELEVTYP_F":0,"ELEVTYP_T":0},"geometry":{"type":"LineString","coordinates":[[-74.0331239146035,40.3620156807821],[-74.0335687323489,40.3624744106943],[-74.034199847964,40.363115593395],[-74.0342908502721,40.363207835037],[-74.0346577418604,40.3635797260737],[-74.0347192570623,40.3636419598036]]}},{"type":"Feature","id":4017,"properties":{"OBJECTID":4017,"PRIMENAME":"Bellevue Avenue","ELEVTYP_F":0,"ELEVTYP_T":0},"geometry":{"type":"LineString","coordinates":[[-74.0200488312594,40.3719693283817],[-74.0199959590877,40.3718988602852],[-74.0193070338635,40.3709804821313],[-74.0190347692204,40.3706204449816]]}},{"type":"Feature","id":4603,"properties":{"OBJECTID":4603,"PRIMENAME":"Buttonwood Drive","ELEVTYP_F":0,"ELEVTYP_T":0},"geometry":{"type":"LineString","coordinates":[[-74.0314376681347,40.3615259561173],[-74.0313860475883,40.3615125695799],[-74.0312828077223,40.3614857982421],[-74.0311841400651,40.3613376243746],[-74.031116196111,40.3612563112603],[-74.0310293895404,40.3611987771073],[-74.0309300927662,40.3611364160916],[-74.0307870985332,40.3610929561642],[-74.0306192002596,40.361049367972],[-74.0304138765623,40.3610104037286],[-74.030258328715,40.3609764183396],[-74.0301092264194,40.3609186304616],[-74.0300423237364,40.3608890398052]]}},{"type":"Feature","id":5053,"properties":{"OBJECTID":5053,"PRIMENAME":"Queens Drive","ELEVTYP_F":0,"ELEVTYP_T":0},"geometry":{"type":"LineString","coordinates":[[-74.0366240412552,40.3383584335556],[-74.0366814110523,40.3384152144348],[-74.0369474162564,40.3386783902017],[-74.0371330089169,40.3388602614329],[-74.0372442654376,40.3389798205708],[-74.0373122338569,40.3390659066312],[-74.0374048032824,40.3391901949404],[-74.0374910732703,40.3393335103857],[-74.0374939349206,40.3393398354012]]}},{"type":"Feature","id":5220,"properties":{"OBJECTID":5220,"PRIMENAME":"Black Point Road","ELEVTYP_F":0,"ELEVTYP_T":0},"geometry":{"type":"LineString","coordinates":[[-73.9983737158499,40.3725154328527],[-73.9996280205208,40.3720739514427]]}},{"type":"Feature","id":5234,"properties":{"OBJECTID":5234,"PRIMENAME":"South Ward Avenue","ELEVTYP_F":0,"ELEVTYP_T":0},"geometry":{"type":"LineString","coordinates":[[-73.9800225075539,40.3643024245021],[-73.9799831268458,40.364374006508],[-73.9798948964818,40.3645022762215],[-73.9797693054881,40.3646351539467],[-73.9796624137453,40.364758590419],[-73.9795680482712,40.3648725579133],[-73.9794606044874,40.3650722522017],[-73.9794100968316,40.3651577844787],[-73.9794465028111,40.3652771165664]]}},{"type":"Feature","id":5325,"properties":{"OBJECTID":5325,"PRIMENAME":"River Road","ELEVTYP_F":0,"ELEVTYP_T":0},"geometry":{"type":"LineString","coordinates":[[-74.0361052864347,40.364180252136],[-74.0359823604856,40.3640366198417],[-74.0356787852033,40.3637078878297],[-74.035557589848,40.3635424122882],[-74.0354777854194,40.3634435914502],[-74.0357524784355,40.363289556794],[-74.0358524921013,40.3632579446586],[-74.0363325306989,40.3636735722949],[-74.0366961693778,40.3638993487147]]}},{"type":"Feature","id":5454,"properties":{"OBJECTID":5454,"PRIMENAME":"Van Circle","ELEVTYP_F":0,"ELEVTYP_T":0},"geometry":{"type":"LineString","coordinates":[[-74.0073723276864,40.3637659748738],[-74.0072341757379,40.3637636841088],[-74.0068417157003,40.3637572621751],[-74.0065302848679,40.3637416585185],[-74.006085990199,40.363709887467],[-74.0059636218652,40.3637011364943]]}},{"type":"Feature","id":5650,"properties":{"OBJECTID":5650,"PRIMENAME":"Grant Avenue","ELEVTYP_F":0,"ELEVTYP_T":0},"geometry":{"type":"LineString","coordinates":[[-73.9798698476073,40.362471005623],[-73.9795119896575,40.3624416692488],[-73.9786278048162,40.36237095143],[-73.9785298681461,40.3623383090382]]}},{"type":"Feature","id":5682,"properties":{"OBJECTID":5682,"PRIMENAME":"Longview Way","ELEVTYP_F":0,"ELEVTYP_T":0},"geometry":{"type":"LineString","coordinates":[[-73.9756095378236,40.3487580853228],[-73.9756057573154,40.3488200265666],[-73.9755629828687,40.3495108784589]]}},{"type":"Feature","id":5906,"properties":{"OBJECTID":5906,"PRIMENAME":"Hagger Lane","ELEVTYP_F":0,"ELEVTYP_T":0},"geometry":{"type":"LineString","coordinates":[[-74.036672897227,40.36558035179],[-74.0367363643802,40.3655466759101],[-74.0371370841129,40.3653340737559],[-74.0374054878554,40.3652044590593],[-74.0375531732684,40.3651331401149],[-74.0376990201933,40.3650627088761],[-74.0381080162627,40.3648564778789]]}},{"type":"Feature","id":6249,"properties":{"OBJECTID":6249,"PRIMENAME":"Heathcliff Road","ELEVTYP_F":0,"ELEVTYP_T":0},"geometry":{"type":"LineString","coordinates":[[-74.0058312924586,40.3568563111992],[-74.0058514537176,40.356945505748],[-74.0059472630284,40.3570732506036],[-74.0061382461134,40.3573278907463],[-74.0062409940746,40.3574648831214],[-74.0064312861183,40.3576327954363]]}},{"type":"Feature","id":6264,"properties":{"OBJECTID":6264,"PRIMENAME":"Church Street","ELEVTYP_F":0,"ELEVTYP_T":0},"geometry":{"type":"LineString","coordinates":[[-74.0102403980234,40.3736320004237],[-74.0103081467575,40.3736096675786],[-74.0109820064164,40.3733266357505],[-74.0110719816614,40.3732881721918]]}},{"type":"Feature","id":6353,"properties":{"OBJECTID":6353,"PRIMENAME":"Robin Road","ELEVTYP_F":0,"ELEVTYP_T":0},"geometry":{"type":"LineString","coordinates":[[-73.9951779398027,40.3687253444796],[-73.9951647763453,40.3686087270974],[-73.9950792067875,40.3678524360279]]}},{"type":"Feature","id":6469,"properties":{"OBJECTID":6469,"PRIMENAME":"Church Street","ELEVTYP_F":0,"ELEVTYP_T":0},"geometry":{"type":"LineString","coordinates":[[-74.03645622905,40.3622701937061],[-74.0366467718184,40.3624510410651],[-74.0376311930946,40.3633605065344],[-74.0376992013832,40.3634233419594]]}},{"type":"Feature","id":6872,"properties":{"OBJECTID":6872,"PRIMENAME":"Rumson Road","ELEVTYP_F":0,"ELEVTYP_T":0},"geometry":{"type":"LineString","coordinates":[[-74.0202054181006,40.3518144388542],[-74.0198197992835,40.3519506470326],[-74.0194122262769,40.3521062257463],[-74.0189342862361,40.3522972535585],[-74.0185546813077,40.3524601102275],[-74.0181844137686,40.3526265738162],[-74.0181008763335,40.3526624346184]]}},{"type":"Feature","id":7533,"properties":{"OBJECTID":7533,"PRIMENAME":"Osprey Lane","ELEVTYP_F":0,"ELEVTYP_T":0},"geometry":{"type":"LineString","coordinates":[[-73.9923845736239,40.3592042010726],[-73.9921677683615,40.3589152246795],[-73.9919338298263,40.3585472208662],[-73.9915818714879,40.3581215165476],[-73.9912859681521,40.3577055829616]]}},{"type":"Feature","id":7554,"properties":{"OBJECTID":7554,"PRIMENAME":"Washington Avenue","ELEVTYP_F":0,"ELEVTYP_T":0},"geometry":{"type":"LineString","coordinates":[[-73.9801131790913,40.3633424583818],[-73.9804083231822,40.3633655263639],[-73.9812426398982,40.3634407560277]]}},{"type":"Feature","id":7997,"properties":{"OBJECTID":7997,"PRIMENAME":"Buttonwood Lane","ELEVTYP_F":0,"ELEVTYP_T":0},"geometry":{"type":"LineString","coordinates":[[-74.0248933846156,40.3473780753421],[-74.0246068836308,40.347097740509],[-74.0241737336178,40.346681325845],[-74.0235303510217,40.3460543388182],[-74.0232640240727,40.3457943942978],[-74.0231282239206,40.3456618485816],[-74.0228622121005,40.3454033904969],[-74.0226828467213,40.3452215502224],[-74.022521838103,40.3450874416006],[-74.0223668041336,40.344991516214],[-74.0222053599151,40.344919309808],[-74.0220001906004,40.3448660838418],[-74.021807336084,40.3448319049596],[-74.021646371491,40.3448189139697]]}},{"type":"Feature","id":12529,"properties":{"OBJECTID":12529,"PRIMENAME":"Forrest Avenue","ELEVTYP_F":0,"ELEVTYP_T":0},"geometry":{"type":"LineString","coordinates":[[-74.0014805421974,40.3712694623422],[-74.0015405603655,40.3713513898789],[-74.0019090636618,40.3718485646813]]}},{"type":"Feature","id":14650,"properties":{"OBJECTID":14650,"PRIMENAME":"Water Way","ELEVTYP_F":0,"ELEVTYP_T":0},"geometry":{"type":"LineString","coordinates":[[-74.021646371491,40.3448189139697],[-74.0216586441462,40.3447168984266],[-74.0218726644507,40.3429319384861],[-74.0218836832281,40.3428400356209]]}},{"type":"Feature","id":16338,"properties":{"OBJECTID":16338,"PRIMENAME":"Waterman Avenue","ELEVTYP_F":0,"ELEVTYP_T":0},"geometry":{"type":"LineString","coordinates":[[-73.9822271441836,40.359356003655],[-73.9816178569418,40.3595461229401]]}},{"type":"Feature","id":16926,"properties":{"OBJECTID":16926,"PRIMENAME":"Oyster Bay Drive","ELEVTYP_F":0,"ELEVTYP_T":0},"geometry":{"type":"LineString","coordinates":[[-73.9853164205519,40.3592775265219],[-73.9853179026801,40.3593091305562],[-73.9853232409856,40.3594235186115],[-73.9853289418665,40.3594950284214],[-73.9853160182935,40.3595569291958],[-73.9852764827219,40.3596027628592],[-73.9852026338655,40.3596446277361],[-73.9850909059613,40.3596607932606],[-73.9850163133522,40.3596683949545],[-73.9849495957449,40.3596786669664],[-73.9848828103001,40.3596976947382],[-73.9848291480479,40.3597247093318],[-73.984827405946,40.359725586909],[-73.9847259300118,40.3597761124365]]}},{"type":"Feature","id":19273,"properties":{"OBJECTID":19273,"PRIMENAME":"Katherine Street","ELEVTYP_F":0,"ELEVTYP_T":0},"geometry":{"type":"LineString","coordinates":[[-74.0286674870719,40.3630876890935],[-74.0285797826695,40.3631333133434],[-74.0270252001764,40.3639421278173],[-74.0269164741061,40.363998693263]]}},{"type":"Feature","id":19391,"properties":{"OBJECTID":19391,"PRIMENAME":"Navesink Avenue","ELEVTYP_F":0,"ELEVTYP_T":0},"geometry":{"type":"LineString","coordinates":[[-73.9875014664075,40.3682198757734],[-73.9876760979859,40.3691918403011],[-73.9876860838615,40.3692427800801]]}},{"type":"Feature","id":22195,"properties":{"OBJECTID":22195,"PRIMENAME":"Woods End Road","ELEVTYP_F":0,"ELEVTYP_T":0},"geometry":{"type":"LineString","coordinates":[[-74.032864887081,40.3508459570729],[-74.032769579909,40.3507585764762],[-74.0321010431305,40.3501458389954],[-74.0313768045354,40.3494851869862],[-74.0309187328167,40.3490686966879],[-74.0307020823021,40.3488676662311],[-74.0305906872269,40.3487623478286],[-74.0304793585494,40.3486475043044],[-74.0303496336962,40.34848970509],[-74.0302511552259,40.3483225073493],[-74.0301466665931,40.3481219042834],[-74.0298393390988,40.3475249217063],[-74.0297915830077,40.3474321046304]]}},{"type":"Feature","id":23384,"properties":{"OBJECTID":23384,"PRIMENAME":"Osprey Lane","ELEVTYP_F":0,"ELEVTYP_T":0},"geometry":{"type":"LineString","coordinates":[[-73.9951698347089,40.3629469826579],[-73.9951285692263,40.3628886873269],[-73.9948511409866,40.3624966713198],[-73.9944131168322,40.3619133008352],[-73.9938949607331,40.3612199907684],[-73.9934076428976,40.3605696923532],[-73.992982166,40.3599815942179],[-73.9926735796285,40.359589437137],[-73.9923845736239,40.3592042010726]]}},{"type":"Feature","id":25821,"properties":{"OBJECTID":25821,"PRIMENAME":"Ward Lane","ELEVTYP_F":0,"ELEVTYP_T":0},"geometry":{"type":"LineString","coordinates":[[-74.0010328259582,40.3739166812564],[-74.0009463095364,40.3739572657316],[-74.0004035160262,40.3742118431707],[-73.9998492776232,40.3744844589256]]}},{"type":"Feature","id":27504,"properties":{"OBJECTID":27504,"PRIMENAME":"Willow Street","ELEVTYP_F":0,"ELEVTYP_T":0},"geometry":{"type":"LineString","coordinates":[[-74.0300033433489,40.3658559038119],[-74.0300439230903,40.3658367975474],[-74.0308821970317,40.3654418747798]]}},{"type":"Feature","id":30268,"properties":{"OBJECTID":30268,"PRIMENAME":"Riverlawn Drive","ELEVTYP_F":0,"ELEVTYP_T":0},"geometry":{"type":"LineString","coordinates":[[-74.0375984943665,40.3665386658668],[-74.0376595660722,40.3665037442197],[-74.0386210896065,40.3659539231829],[-74.0388816512888,40.3658049260619],[-74.0390169554863,40.3657275539692],[-74.0390863844265,40.3656878058746]]}},{"type":"Feature","id":30544,"properties":{"OBJECTID":30544,"PRIMENAME":"Sailers Way","ELEVTYP_F":0,"ELEVTYP_T":0},"geometry":{"type":"LineString","coordinates":[[-74.0060593585525,40.3514339799822],[-74.0065730952722,40.3518889366443],[-74.0068401227774,40.3521358790387]]}},{"type":"Feature","id":30892,"properties":{"OBJECTID":30892,"PRIMENAME":"Unnamed Segment","ELEVTYP_F":0,"ELEVTYP_T":0},"geometry":{"type":"LineString","coordinates":[[-73.9969400908337,40.3667100119562],[-73.9969574240478,40.3666121896948],[-73.9969754251778,40.3665901895243],[-73.9969954251205,40.3665791895437],[-73.9970394259786,40.3665701880012],[-73.9971104266739,40.3665761897468],[-73.9971644249731,40.3665941889019],[-73.9971874236852,40.3666191890895],[-73.9971914240408,40.3666371897056],[-73.9971931949817,40.3667577724579]]}},{"type":"Feature","id":33987,"properties":{"OBJECTID":33987,"PRIMENAME":"Brookside Drive","ELEVTYP_F":0,"ELEVTYP_T":0},"geometry":{"type":"LineString","coordinates":[[-74.0288610928591,40.3502981660648],[-74.0289782306534,40.3504238786029],[-74.0291080542544,40.3505673773763],[-74.0292565053932,40.350720504115],[-74.0293493407672,40.350806668869],[-74.0294422757812,40.3508785316242],[-74.0295353765733,40.3509265664706],[-74.0296345886622,40.350993705473],[-74.0297774283585,40.3510562456159],[-74.029817237669,40.3510793362106],[-74.0298767072143,40.3511138314826],[-74.0299882372654,40.3512000996254],[-74.0300935573927,40.3512815104413],[-74.0302236837158,40.3513821283135],[-74.0303783795665,40.3515305028123],[-74.0305578483335,40.3517028052557],[-74.0308735217283,40.3519948015677]]}},{"type":"Feature","id":36743,"properties":{"OBJECTID":36743,"PRIMENAME":"Kemp Avenue","ELEVTYP_F":0,"ELEVTYP_T":0},"geometry":{"type":"LineString","coordinates":[[-74.0281000027326,40.3625358452006],[-74.0286674870719,40.3630876890935]]}},{"type":"Feature","id":40088,"properties":{"OBJECTID":40088,"PRIMENAME":"Lockwood Place","ELEVTYP_F":0,"ELEVTYP_T":0},"geometry":{"type":"LineString","coordinates":[[-74.0294784543875,40.3638754272139],[-74.029384345098,40.3639182258937],[-74.0287405899106,40.3642110964756],[-74.028378007665,40.3643764149455],[-74.0281591585525,40.3644898866188],[-74.0278563323535,40.3646447096879],[-74.0277152127665,40.3647168581398]]}},{"type":"Feature","id":40860,"properties":{"OBJECTID":40860,"PRIMENAME":"Ridge Road","ELEVTYP_F":0,"ELEVTYP_T":0},"geometry":{"type":"LineString","coordinates":[[-74.0268165564189,40.355709807451],[-74.0266235633322,40.3557985927276],[-74.0259440453826,40.3561564998987],[-74.0259232553756,40.3561674494421],[-74.025129062268,40.3565931265993],[-74.024484955222,40.356938405604],[-74.0241848315145,40.3570944426861],[-74.0240909218575,40.3571607917208],[-74.0240391032768,40.3572070546943]]}},{"type":"Feature","id":42284,"properties":{"OBJECTID":42284,"PRIMENAME":"Fair Haven Road","ELEVTYP_F":0,"ELEVTYP_T":0},"geometry":{"type":"LineString","coordinates":[[-74.0268165564189,40.355709807451],[-74.0272845075859,40.3561619863292],[-74.0273941206081,40.3562679039463],[-74.0279187053906,40.3567676938985]]}},{"type":"Feature","id":42895,"properties":{"OBJECTID":42895,"PRIMENAME":"3rd Street","ELEVTYP_F":0,"ELEVTYP_T":0},"geometry":{"type":"LineString","coordinates":[[-74.0341560265905,40.361437341652],[-74.033729281421,40.3616959320346],[-74.0336164932061,40.361764276932],[-74.0332606770772,40.3619798862],[-74.0331239146035,40.3620156807821]]}},{"type":"Feature","id":43635,"properties":{"OBJECTID":43635,"PRIMENAME":"Clover Lane","ELEVTYP_F":0,"ELEVTYP_T":0},"geometry":{"type":"LineString","coordinates":[[-73.9948271348164,40.3665633575988],[-73.9951332287552,40.3664393223271],[-73.9953082152816,40.3663686017063],[-73.9954583650814,40.3662882463233],[-73.9957211988605,40.3661368707383]]}},{"type":"Feature","id":43889,"properties":{"OBJECTID":43889,"PRIMENAME":"McCarter Avenue","ELEVTYP_F":0,"ELEVTYP_T":0},"geometry":{"type":"LineString","coordinates":[[-74.0334708141747,40.3579268935375],[-74.033450490379,40.3579391369429],[-74.0333183430876,40.3580235935831],[-74.0328873038758,40.3582990634974],[-74.032436743531,40.3585879581072],[-74.0316796250616,40.359061513936],[-74.0314230772776,40.3592224953194],[-74.0312165691236,40.359355102263],[-74.0308787656745,40.3595586608756],[-74.0307898673133,40.3596118033167]]}},{"type":"Feature","id":43918,"properties":{"OBJECTID":43918,"PRIMENAME":"Doughty Lane","ELEVTYP_F":0,"ELEVTYP_T":0},"geometry":{"type":"LineString","coordinates":[[-74.0300033433489,40.3658559038119],[-74.0301487373631,40.3659944945848],[-74.0304945302639,40.3663248047547],[-74.0307800819842,40.3665975666562],[-74.0308542401914,40.3666684458842]]}},{"type":"Feature","id":43990,"properties":{"OBJECTID":43990,"PRIMENAME":"Rumson Road","ELEVTYP_F":0,"ELEVTYP_T":0},"geometry":{"type":"LineString","coordinates":[[-74.037231528364,40.3440623571068],[-74.0368367901377,40.3442634543748],[-74.0366095886112,40.3443823166233]]}},{"type":"Feature","id":44099,"properties":{"OBJECTID":44099,"PRIMENAME":"Pine Drive","ELEVTYP_F":0,"ELEVTYP_T":0},"geometry":{"type":"LineString","coordinates":[[-74.0347677570724,40.3410989210966],[-74.0346820040756,40.341152409031],[-74.0344693174173,40.3412849695169],[-74.0343379951359,40.3413654788772],[-74.0342193148237,40.34141265813],[-74.0341132501017,40.3414408086623],[-74.0339948001827,40.3414546338664],[-74.0338640347642,40.3414541069659],[-74.033745745211,40.3414393278543],[-74.0336276575271,40.3414054970438],[-74.0335282266617,40.3413717422546],[-74.0333856335944,40.3412758538162],[-74.0328835896609,40.3409211249214],[-74.0321211029694,40.3403937664204],[-74.0320219389397,40.3403266575637],[-74.0319662273339,40.3402692218279],[-74.0319356169592,40.340197641126],[-74.0319174204818,40.3401260827313],[-74.0319178486838,40.3400641250004],[-74.0319370331675,40.3399927178712],[-74.0319623616625,40.3399356109358],[-74.0320125500729,40.339878631597],[-74.0320877079824,40.339821753246],[-74.032800721978,40.3393861726339],[-74.0329058842328,40.3393219206026]]}},{"type":"Feature","id":44105,"properties":{"OBJECTID":44105,"PRIMENAME":"Spruce Drive","ELEVTYP_F":0,"ELEVTYP_T":0},"geometry":{"type":"LineString","coordinates":[[-74.0262706666202,40.3599229951243],[-74.0264149666961,40.3599789570836],[-74.0265765182418,40.3600415768268],[-74.0267007478042,40.3600992953968],[-74.0268187320365,40.3601569603619],[-74.0269117417381,40.3602145230518],[-74.0270170728531,40.3602959915439],[-74.0271162650232,40.3603726307781],[-74.0272771524441,40.3605305597949],[-74.0278031839464,40.3610331010461],[-74.0281064717916,40.3613251079625],[-74.0281565828587,40.3613746985872],[-74.0281922831534,40.3613962022138],[-74.0282280168051,40.3614130928424],[-74.0282757889219,40.361422429285],[-74.0283256192408,40.3614195856221],[-74.0283814918951,40.3614045780974],[-74.0284854552937,40.3613531723555],[-74.0286113285365,40.3612938130278],[-74.0287863004658,40.3612182654085],[-74.0289486867926,40.3611616897683],[-74.0291048610544,40.361100366505],[-74.0292734576847,40.3610486746925],[-74.0294794768524,40.3609875267626],[-74.0297228559028,40.3609313344431],[-74.0298974967894,40.3609082168641],[-74.0300423237364,40.3608890398052]]}},{"type":"Feature","id":44440,"properties":{"OBJECTID":44440,"PRIMENAME":"Front Street","ELEVTYP_F":0,"ELEVTYP_T":0},"geometry":{"type":"LineString","coordinates":[[-73.9753540872252,40.3609560148662],[-73.9756925458166,40.3609354316113]]}},{"type":"Feature","id":44665,"properties":{"OBJECTID":44665,"PRIMENAME":"Black Point Road","ELEVTYP_F":0,"ELEVTYP_T":0},"geometry":{"type":"LineString","coordinates":[[-74.0014805421974,40.3712694623422],[-74.0018097614361,40.3711304647943],[-74.0031636215912,40.370522275768],[-74.0036835527253,40.3702719245473],[-74.0042309780501,40.3700332711567],[-74.0047804490819,40.3697937223706],[-74.0049001714684,40.3697415273048],[-74.0050040854463,40.3696962381631]]}},{"type":"Feature","id":44712,"properties":{"OBJECTID":44712,"PRIMENAME":"Rumson Road","ELEVTYP_F":0,"ELEVTYP_T":0},"geometry":{"type":"LineString","coordinates":[[-73.9881117061453,40.3656385446398],[-73.987781923883,40.3656999487983],[-73.9874216240019,40.365762699228],[-73.9872340256778,40.3657968073355],[-73.987229712582,40.3657975915898],[-73.9871455103539,40.3658079512424],[-73.9870536356766,40.3658172347559]]}},{"type":"Feature","id":44744,"properties":{"OBJECTID":44744,"PRIMENAME":"Bingham Hill Lane","ELEVTYP_F":0,"ELEVTYP_T":0},"geometry":{"type":"LineString","coordinates":[[-73.9988662410539,40.3663364169111],[-73.998884373982,40.3664079798619],[-73.9989213469836,40.3664700991917],[-73.9989394513742,40.3665232671878],[-73.998945723951,40.3665416891845],[-73.9989203939922,40.3665987885593],[-73.9988639117747,40.366650921873],[-73.9987890500573,40.3666649276618],[-73.9987047422622,40.3666654683103],[-73.9986210882949,40.3666308459578],[-73.9985842225673,40.3665592017532],[-73.9985785083386,40.3664876917002],[-73.9985974276268,40.3664432475224],[-73.9986491697361,40.3663963094376],[-73.9987351103893,40.3663787563734],[-73.9988039789742,40.3663696106582],[-73.9988662410539,40.3663364169111]]}},{"type":"Feature","id":44758,"properties":{"OBJECTID":44758,"PRIMENAME":"Church Street","ELEVTYP_F":0,"ELEVTYP_T":0},"geometry":{"type":"LineString","coordinates":[[-74.0121309810931,40.3728387843649],[-74.0128879550484,40.372520652413]]}},{"type":"Feature","id":44876,"properties":{"OBJECTID":44876,"PRIMENAME":"Poppi Place","ELEVTYP_F":0,"ELEVTYP_T":0},"geometry":{"type":"LineString","coordinates":[[-73.9753350041696,40.3619822216087],[-73.9753352459719,40.3620204362779],[-73.9753383130699,40.3624303330464],[-73.9753386139284,40.362470194364]]}},{"type":"Feature","id":44988,"properties":{"OBJECTID":44988,"PRIMENAME":"Black Point Road","ELEVTYP_F":0,"ELEVTYP_T":0},"geometry":{"type":"LineString","coordinates":[[-73.9940255800626,40.373570100895],[-73.9942936138906,40.3735146676616],[-73.9956301946033,40.3732464541483]]}},{"type":"Feature","id":45146,"properties":{"OBJECTID":45146,"PRIMENAME":"Beach Street","ELEVTYP_F":0,"ELEVTYP_T":0},"geometry":{"type":"LineString","coordinates":[[-73.9741704321405,40.3601440319508],[-73.9742532316985,40.3601473183624],[-73.9756663168717,40.360203008653]]}},{"type":"Feature","id":45396,"properties":{"OBJECTID":45396,"PRIMENAME":"Harbor Drive","ELEVTYP_F":0,"ELEVTYP_T":0},"geometry":{"type":"LineString","coordinates":[[-74.0199112826572,40.3438310880965],[-74.019833366701,40.3438752910707],[-74.019583190629,40.3440172225337],[-74.01942694476,40.3440928343131],[-74.0192956654974,40.3441590243548],[-74.0192083156881,40.3441824898311],[-74.019114722524,40.3442011522305],[-74.019021333663,40.344196014794],[-74.0189281144808,40.3441669945185],[-74.0188413724928,40.3440999260809],[-74.0187116157955,40.3439516398031],[-74.0185201569926,40.3437268906428],[-74.0183224217174,40.3435020321619],[-74.0181247228637,40.3432772014082],[-74.0180875435764,40.3432484688441],[-74.0180135599706,40.3431432941363],[-74.0179029063903,40.3429379041764],[-74.0177554808181,40.3426465746505],[-74.017614112047,40.3423961174307],[-74.0175586337612,40.3422978276176],[-74.0174912344273,40.3421450238502],[-74.0174546322495,40.3420352555631],[-74.0174080622888,40.3415775482881],[-74.017402312811,40.3414702963214],[-74.0173970735694,40.3413725456541]]}},{"type":"Feature","id":45494,"properties":{"OBJECTID":45494,"PRIMENAME":"Black Point Road","ELEVTYP_F":0,"ELEVTYP_T":0},"geometry":{"type":"LineString","coordinates":[[-73.9928491666114,40.3735269496723],[-73.993109128258,40.3735399536056],[-73.9937472597933,40.3735609769968]]}},{"type":"Feature","id":45558,"properties":{"OBJECTID":45558,"PRIMENAME":"Navesink Avenue","ELEVTYP_F":0,"ELEVTYP_T":0},"geometry":{"type":"LineString","coordinates":[[-73.9865719461091,40.363402963808],[-73.9865918910414,40.3635129142344],[-73.9867995307621,40.3646591242899],[-73.9870199107035,40.3656311816869],[-73.9870536356766,40.3658172347559]]}},{"type":"Feature","id":45571,"properties":{"OBJECTID":45571,"PRIMENAME":"North Mitchell Place","ELEVTYP_F":0,"ELEVTYP_T":0},"geometry":{"type":"LineString","coordinates":[[-74.0351577405311,40.3451271093087],[-74.0352239679656,40.3452270802608],[-74.0360213973736,40.3461120095636],[-74.0371095024576,40.3473173633371]]}},{"type":"Feature","id":45639,"properties":{"OBJECTID":45639,"PRIMENAME":"Belknap Lane","ELEVTYP_F":0,"ELEVTYP_T":0},"geometry":{"type":"LineString","coordinates":[[-73.9875014664075,40.3682198757734],[-73.9873583820847,40.3681841326029],[-73.9873039415045,40.3681692044256],[-73.9872497574983,40.3681536739269],[-73.9871959005173,40.3681375675383],[-73.9871423328701,40.3681208868943],[-73.9870890604588,40.3681036302202],[-73.9870361138918,40.3680857985529],[-73.9869835308421,40.3680673929606],[-73.9869312746181,40.3680484384991],[-73.9868685340902,40.3680254305189],[-73.9868054285208,40.3680030513376],[-73.9867419606666,40.3679812478286],[-73.9866781291506,40.367960046104],[-73.9866139702609,40.3679394742444],[-73.9865494828118,40.3679195331445],[-73.9864846695872,40.3679001660756],[-73.9864205827646,40.3678817496765]]}},{"type":"Feature","id":45848,"properties":{"OBJECTID":45848,"PRIMENAME":"Washington Street","ELEVTYP_F":0,"ELEVTYP_T":0},"geometry":{"type":"LineString","coordinates":[[-74.0106349268977,40.3759058246664],[-74.0113493034355,40.376849150521],[-74.0113949338029,40.3769077051801]]}},{"type":"Feature","id":45966,"properties":{"OBJECTID":45966,"PRIMENAME":"Buttonwood Drive","ELEVTYP_F":0,"ELEVTYP_T":0},"geometry":{"type":"LineString","coordinates":[[-74.0300423237364,40.3608890398052],[-74.0299788207843,40.360860890455],[-74.0298174296351,40.3607744476496],[-74.0296312649065,40.3606640753999],[-74.0294265359461,40.3605345758916],[-74.0292652787901,40.3604290814315],[-74.0290355831023,40.3603137539932],[-74.0288059203713,40.3601889009685],[-74.0285262820597,40.3600876722418],[-74.0280292044203,40.3598949918601],[-74.0275134988717,40.3596927349975],[-74.0271158809574,40.3595338386162],[-74.0269907634875,40.359485340403]]}},{"type":"Feature","id":46615,"properties":{"OBJECTID":46615,"PRIMENAME":"Rumson Road","ELEVTYP_F":0,"ELEVTYP_T":0},"geometry":{"type":"LineString","coordinates":[[-74.0047762598936,40.3578857164883],[-74.0045633214668,40.357973611204],[-74.0040708943419,40.3581910330042]]}},{"type":"Feature","id":46997,"properties":{"OBJECTID":46997,"PRIMENAME":"Buena Vista Avenue","ELEVTYP_F":0,"ELEVTYP_T":0},"geometry":{"type":"LineString","coordinates":[[-74.0151835390619,40.3566156631196],[-74.0152292583554,40.3566616996028],[-74.0159528692962,40.3573986828007],[-74.0167446956263,40.3581883516131],[-74.0174311858358,40.3588918165806],[-74.0178825554074,40.3593750670091],[-74.0183920737359,40.3598805363315]]}},{"type":"Feature","id":47036,"properties":{"OBJECTID":47036,"PRIMENAME":"East River Road","ELEVTYP_F":0,"ELEVTYP_T":0},"geometry":{"type":"LineString","coordinates":[[-74.0097906529839,40.3762598360976],[-74.0096887444349,40.3763025576295],[-74.0089073244392,40.3766376398769],[-74.0087761454278,40.3766847386276],[-74.008706347349,40.3767022307863]]}},{"type":"Feature","id":47203,"properties":{"OBJECTID":47203,"PRIMENAME":"Ridge Road","ELEVTYP_F":0,"ELEVTYP_T":0},"geometry":{"type":"LineString","coordinates":[[-73.9876860838615,40.3692427800801],[-73.9882946045372,40.3693438058415],[-73.988574687692,40.3693783993063],[-73.9887614936692,40.3693934995937],[-73.9889173268047,40.3693894941886],[-73.9890482529938,40.369380492527],[-73.9892166129604,40.3693574078239],[-73.9895101921065,40.3692729445037],[-73.9899165009051,40.3690936109136],[-73.9901102345143,40.3690134547545],[-73.9902789869643,40.3689570165803],[-73.9904849217775,40.3689102401981],[-73.9906596684259,40.3688728792558],[-73.9908653509152,40.3688642596863],[-73.9911021135845,40.3688700778879],[-73.9913324529987,40.3688996966662],[-73.9915564405891,40.3689387843814],[-73.9917926672161,40.3690113070186],[-73.992016368428,40.3690933273175],[-73.992184011161,40.3691798501566],[-73.9923328484294,40.3692710402148],[-73.9925124453353,40.369414824132],[-73.9926550030472,40.369515538477],[-73.9927976681905,40.3696019787666],[-73.9929777670017,40.3696837510294],[-73.993141428398,40.3697432977655],[-73.9931766359684,40.369756107051],[-73.9934004484287,40.3698238228871],[-73.9936430679436,40.3698820674762],[-73.9938982841775,40.3699117900635],[-73.9940663585668,40.3699315768408],[-73.9942781469413,40.3699420283977],[-73.9944962866515,40.3699334568497],[-73.9946584369362,40.3699151141129],[-73.9948023664173,40.3698855181322]]}},{"type":"Feature","id":47223,"properties":{"OBJECTID":47223,"PRIMENAME":"Rumson Road","ELEVTYP_F":0,"ELEVTYP_T":0},"geometry":{"type":"LineString","coordinates":[[-73.9778562316386,40.3651054563309],[-73.977594380295,40.3650828429426]]}},{"type":"Feature","id":47426,"properties":{"OBJECTID":47426,"PRIMENAME":"Rumson Road","ELEVTYP_F":0,"ELEVTYP_T":0},"geometry":{"type":"LineString","coordinates":[[-73.9794465028111,40.3652771165664],[-73.9793889287372,40.3652456175661],[-73.9793186414408,40.3652291588484],[-73.9790178618852,40.3652055682378]]}},{"type":"Feature","id":47784,"properties":{"OBJECTID":47784,"PRIMENAME":"Tennis Court Lane","ELEVTYP_F":0,"ELEVTYP_T":0},"geometry":{"type":"LineString","coordinates":[[-73.9836916102195,40.3655687691127],[-73.9836778180654,40.3656642121603],[-73.9834193646988,40.36745283179],[-73.9833656525125,40.3677704832567],[-73.9833358658237,40.3679488412672],[-73.9833065074256,40.3680663138563],[-73.9831557376703,40.3684227330719],[-73.9831259483155,40.3684931232751]]}},{"type":"Feature","id":48053,"properties":{"OBJECTID":48053,"PRIMENAME":"Heights Terrace","ELEVTYP_F":0,"ELEVTYP_T":0},"geometry":{"type":"LineString","coordinates":[[-74.0260045689655,40.3625365818489],[-74.0261046609737,40.3624798098422],[-74.0261924356985,40.3624039088496],[-74.0262553009333,40.3623231557374],[-74.0262746981443,40.3622231461129],[-74.0262690538914,40.3621373362147],[-74.0262385696914,40.3620371213644],[-74.0261582094359,40.3619462283329],[-74.0258240175341,40.3616303161257],[-74.0253536780074,40.3611756235179],[-74.0249266818988,40.3607639878087],[-74.0249094652915,40.360747363163]]}},{"type":"Feature","id":48362,"properties":{"OBJECTID":48362,"PRIMENAME":"Bellevue Avenue","ELEVTYP_F":0,"ELEVTYP_T":0},"geometry":{"type":"LineString","coordinates":[[-74.0190347692204,40.3706204449816],[-74.0186976525864,40.3701745983286],[-74.0184539059022,40.3698514644877],[-74.0181774011413,40.3694849022335],[-74.0175916144857,40.3687008253444],[-74.0175714173059,40.3686743052926]]}},{"type":"Feature","id":48395,"properties":{"OBJECTID":48395,"PRIMENAME":"South Cherry Lane","ELEVTYP_F":0,"ELEVTYP_T":0},"geometry":{"type":"LineString","coordinates":[[-74.0051200892034,40.3698478010305],[-74.0051490377113,40.369835235686],[-74.0052070788037,40.3698100434469],[-74.0052401628925,40.3697956899757],[-74.0060329316684,40.3694517586772],[-74.0060992444697,40.369433951498]]}},{"type":"Feature","id":49673,"properties":{"OBJECTID":49673,"PRIMENAME":"Ridge Road","ELEVTYP_F":0,"ELEVTYP_T":0},"geometry":{"type":"LineString","coordinates":[[-74.0354346799331,40.3529663411529],[-74.0350649387137,40.3530828712578],[-74.0331126978196,40.353697954418],[-74.0327050235856,40.3538263925313],[-74.0304511156619,40.3545512174163],[-74.0301033325978,40.3546602165555]]}},{"type":"Feature","id":49786,"properties":{"OBJECTID":49786,"PRIMENAME":"Allen Street","ELEVTYP_F":0,"ELEVTYP_T":0},"geometry":{"type":"LineString","coordinates":[[-74.0110719816614,40.3732881721918],[-74.0113486955259,40.3736538739111],[-74.0118548362529,40.3743290735275],[-74.0124172107907,40.3750768983173],[-74.0124650305364,40.3751404585879]]}},{"type":"Feature","id":49862,"properties":{"OBJECTID":49862,"PRIMENAME":"Lakeside Avenue","ELEVTYP_F":0,"ELEVTYP_T":0},"geometry":{"type":"LineString","coordinates":[[-74.0063349249414,40.3735335064986],[-74.0074381768635,40.3730401261705],[-74.0075194523183,40.3730037961788]]}},{"type":"Feature","id":50028,"properties":{"OBJECTID":50028,"PRIMENAME":"Maple Avenue","ELEVTYP_F":0,"ELEVTYP_T":0},"geometry":{"type":"LineString","coordinates":[[-73.9943498129355,40.3716287583238],[-73.9943814230299,40.3716686744784],[-73.994921388826,40.3723508490592]]}},{"type":"Feature","id":50156,"properties":{"OBJECTID":50156,"PRIMENAME":"Rumson Road","ELEVTYP_F":0,"ELEVTYP_T":0},"geometry":{"type":"LineString","coordinates":[[-74.0334044718409,40.3460502300296],[-74.0331891751463,40.3461682833123],[-74.0329788705267,40.3462753197672]]}},{"type":"Feature","id":50683,"properties":{"OBJECTID":50683,"PRIMENAME":"Sycamore Lane","ELEVTYP_F":0,"ELEVTYP_T":0},"geometry":{"type":"LineString","coordinates":[[-74.0302592511354,40.364622929363],[-74.0301704231642,40.3646648999146],[-74.0293784153635,40.3650391972852],[-74.0293078152992,40.3650712207298]]}},{"type":"Feature","id":50879,"properties":{"OBJECTID":50879,"PRIMENAME":"Rumson Road","ELEVTYP_F":0,"ELEVTYP_T":0},"geometry":{"type":"LineString","coordinates":[[-74.0089907489911,40.3573978853818],[-74.0087677815713,40.3574446495698],[-74.0081173906008,40.3575705520544],[-74.0079349652664,40.3575983815827],[-74.0077666122141,40.3576155358802],[-74.0075656213764,40.3576254142339],[-74.0073412710334,40.3576351648179],[-74.0070889471742,40.3576376860299],[-74.006794602736,40.3576399995886],[-74.0064312861183,40.3576327954363]]}},{"type":"Feature","id":50939,"properties":{"OBJECTID":50939,"PRIMENAME":"Church Street","ELEVTYP_F":0,"ELEVTYP_T":0},"geometry":{"type":"LineString","coordinates":[[-74.0332554370731,40.3592687494799],[-74.033316338607,40.3593254911601],[-74.0342820394797,40.3602253567618],[-74.0349505637075,40.3608571600565],[-74.0350226222544,40.3609252560384]]}},{"type":"Feature","id":50945,"properties":{"OBJECTID":50945,"PRIMENAME":"Lincoln Avenue","ELEVTYP_F":0,"ELEVTYP_T":0},"geometry":{"type":"LineString","coordinates":[[-73.9779827682762,40.364138572196],[-73.9774496116428,40.3640969629206],[-73.9770972604795,40.3640646799199]]}},{"type":"Feature","id":51046,"properties":{"OBJECTID":51046,"PRIMENAME":"Hance Road","ELEVTYP_F":0,"ELEVTYP_T":0},"geometry":{"type":"LineString","coordinates":[[-74.0317868704419,40.3468324367667],[-74.0318803749648,40.3469231640499],[-74.0321959685091,40.3472294598827],[-74.032567374624,40.3475645562649],[-74.0330192710892,40.3479762651766],[-74.033285396391,40.3482251759382],[-74.0336196269502,40.3485363182885],[-74.0340035660018,40.3488666852897],[-74.0340925917393,40.3489540936332]]}},{"type":"Feature","id":51595,"properties":{"OBJECTID":51595,"PRIMENAME":"Washington Street","ELEVTYP_F":0,"ELEVTYP_T":0},"geometry":{"type":"LineString","coordinates":[[-74.0092313703055,40.3740471034631],[-74.0094324656403,40.3743115758636],[-74.0096386218849,40.3745911128596],[-74.0097510496926,40.3747435627729],[-74.010069804346,40.3751574312014],[-74.0105712831452,40.3758217727287],[-74.0106349268977,40.3759058246664]]}},{"type":"Feature","id":51744,"properties":{"OBJECTID":51744,"PRIMENAME":"Laurel Lane","ELEVTYP_F":0,"ELEVTYP_T":0},"geometry":{"type":"LineString","coordinates":[[-74.0200746178803,40.3572349965284],[-74.0194533687652,40.3574764190613]]}},{"type":"Feature","id":52338,"properties":{"OBJECTID":52338,"PRIMENAME":"Oakes Road","ELEVTYP_F":0,"ELEVTYP_T":0},"geometry":{"type":"LineString","coordinates":[[-74.0319145334034,40.3449818764961],[-74.0315698127679,40.3445572819602],[-74.031384445671,40.3443372999324],[-74.0312236526717,40.3441698504263],[-74.0308277015704,40.3437822167846],[-74.0304379982118,40.3433945783112],[-74.0298513164789,40.3428130968506]]}},{"type":"Feature","id":53085,"properties":{"OBJECTID":53085,"PRIMENAME":"Buttonwood Lane East","ELEVTYP_F":0,"ELEVTYP_T":0},"geometry":{"type":"LineString","coordinates":[[-74.0204222618396,40.3451871081816],[-74.0204966683358,40.3452029817162],[-74.0206334800528,40.3452321813988],[-74.0207702613579,40.3452708511401],[-74.0209130809355,40.3453333742563],[-74.0210184829661,40.3454005463261],[-74.021123850247,40.3454724952088],[-74.0211980801527,40.3455490363182],[-74.0212658956362,40.3456446302226],[-74.0213276082106,40.3457306996631],[-74.0213763951842,40.3458738708988],[-74.0214437762937,40.3460361714151],[-74.0215174316235,40.3461889986775],[-74.0215851163367,40.3463084194668],[-74.0216714260005,40.3464374713438],[-74.0217454527898,40.3465378397737],[-74.0218380034127,40.3466621672944],[-74.0219493815582,40.3467674670482],[-74.022104051702,40.3469206008115],[-74.0222651631075,40.3470356310149],[-74.0223829188987,40.3471219322402],[-74.0224819839441,40.3472081282621],[-74.0225561807868,40.347284668346],[-74.0226302094198,40.3473850911458],[-74.0226978271132,40.3475092880397],[-74.0227718947286,40.347614432118],[-74.0228209223091,40.3477242498979],[-74.0228760596979,40.3478579213757],[-74.0229248542734,40.3480058689964],[-74.0229738505873,40.3481252118579],[-74.0230169391281,40.3481969021236],[-74.0231224149766,40.348254519356],[-74.0232155765965,40.3482977824979],[-74.0232463660679,40.3483023343093],[-74.0233151111751,40.3483124959847],[-74.023408539498,40.3483128809916],[-74.0235021383909,40.348294214261],[-74.0236271140555,40.3482422958697],[-74.0237458729589,40.3481713002803],[-74.024140360894,40.3478869583144],[-74.024841328254,40.3474132471746],[-74.0248933846156,40.3473780753421]]}},{"type":"Feature","id":53108,"properties":{"OBJECTID":53108,"PRIMENAME":"East Front Street","ELEVTYP_F":0,"ELEVTYP_T":0},"geometry":{"type":"LineString","coordinates":[[-74.0217717030206,40.3712477980056],[-74.0211891203304,40.371494280382],[-74.0208100247125,40.3716520211773]]}},{"type":"Feature","id":53133,"properties":{"OBJECTID":53133,"PRIMENAME":"East River Road","ELEVTYP_F":0,"ELEVTYP_T":0},"geometry":{"type":"LineString","coordinates":[[-74.0022371419669,40.3754211208667],[-74.0018857141436,40.374985623319]]}},{"type":"Feature","id":53349,"properties":{"OBJECTID":53349,"PRIMENAME":"East River Road","ELEVTYP_F":0,"ELEVTYP_T":0},"geometry":{"type":"LineString","coordinates":[[-74.0072342412475,40.376823206268],[-74.0059452938699,40.3769061845283],[-74.0057372789949,40.3769164681825]]}},{"type":"Feature","id":53642,"properties":{"OBJECTID":53642,"PRIMENAME":"Monmouth Parkway","ELEVTYP_F":0,"ELEVTYP_T":0},"geometry":{"type":"LineString","coordinates":[[-73.9847387724982,40.3397489431904],[-73.9846449002343,40.3387147142712],[-73.98461020265,40.3383618844242],[-73.9846016264497,40.3382753575602],[-73.984572621527,40.3379827985158]]}},{"type":"Feature","id":54555,"properties":{"OBJECTID":54555,"PRIMENAME":"River Road","ELEVTYP_F":0,"ELEVTYP_T":0},"geometry":{"type":"LineString","coordinates":[[-74.0154366910814,40.3738941199762],[-74.0154204189667,40.3739008597822],[-74.0150820323801,40.3740437826147]]}},{"type":"Feature","id":54613,"properties":{"OBJECTID":54613,"PRIMENAME":"Lincoln Avenue","ELEVTYP_F":0,"ELEVTYP_T":0},"geometry":{"type":"LineString","coordinates":[[-73.977018075627,40.3640574040037],[-73.9766837986674,40.3640267649971]]}},{"type":"Feature","id":56199,"properties":{"OBJECTID":56199,"PRIMENAME":"Shrewsbury Drive","ELEVTYP_F":0,"ELEVTYP_T":0},"geometry":{"type":"LineString","coordinates":[[-73.9880743170087,40.3624163074186],[-73.9880353580655,40.3624523986464],[-73.9877157096264,40.3627035950879],[-73.9874525841467,40.362893054066],[-73.9873175108673,40.3629915293202]]}},{"type":"Feature","id":56655,"properties":{"OBJECTID":56655,"PRIMENAME":"Hance Road","ELEVTYP_F":0,"ELEVTYP_T":0},"geometry":{"type":"LineString","coordinates":[[-74.0376754045078,40.3522600608855],[-74.0381463682068,40.3526892308112],[-74.0388035794628,40.3532959320443]]}},{"type":"Feature","id":57384,"properties":{"OBJECTID":57384,"PRIMENAME":"Hillcrest Road","ELEVTYP_F":0,"ELEVTYP_T":0},"geometry":{"type":"LineString","coordinates":[[-74.0276584295435,40.3590929272998],[-74.0276301898747,40.3591028596076],[-74.0275202067609,40.3591636004596],[-74.0271568659457,40.3593843381271],[-74.0269907634875,40.359485340403]]}},{"type":"Feature","id":57563,"properties":{"OBJECTID":57563,"PRIMENAME":"Laurel Drive","ELEVTYP_F":0,"ELEVTYP_T":0},"geometry":{"type":"LineString","coordinates":[[-74.0323700731248,40.3623996232709],[-74.0323290811146,40.3624527137778],[-74.0322914574819,40.3624858883374],[-74.0322286975552,40.3625524248239],[-74.0321660359567,40.3626045494933],[-74.0321034078936,40.3626519800831],[-74.0320283268345,40.3626993323307],[-74.031934611348,40.3627323077158],[-74.0316839188926,40.3628231185005]]}},{"type":"Feature","id":58118,"properties":{"OBJECTID":58118,"PRIMENAME":"Bingham Avenue","ELEVTYP_F":0,"ELEVTYP_T":0},"geometry":{"type":"LineString","coordinates":[[-74.0075194523183,40.3730037961788],[-74.0078740843925,40.3734710526306],[-74.0085393550937,40.3743369378219]]}},{"type":"Feature","id":58629,"properties":{"OBJECTID":58629,"PRIMENAME":"Hillcrest Road","ELEVTYP_F":0,"ELEVTYP_T":0},"geometry":{"type":"LineString","coordinates":[[-74.0269907634875,40.359485340403],[-74.0263284005811,40.3598880387301],[-74.0262706666202,40.3599229951243]]}},{"type":"Feature","id":58976,"properties":{"OBJECTID":58976,"PRIMENAME":"Navesink Avenue","ELEVTYP_F":0,"ELEVTYP_T":0},"geometry":{"type":"LineString","coordinates":[[-73.9884138527349,40.3733853416976],[-73.9884070948033,40.3734103749802],[-73.9883434419435,40.3735451011175],[-73.9881001117753,40.3741014322792],[-73.9878687183011,40.3745881156502],[-73.9877759393685,40.3748054520858],[-73.9876778173693,40.374979198731],[-73.9875372919826,40.3752872706328]]}},{"type":"Feature","id":59507,"properties":{"OBJECTID":59507,"PRIMENAME":"Shrewsbury Way","ELEVTYP_F":0,"ELEVTYP_T":0},"geometry":{"type":"LineString","coordinates":[[-73.9757063378146,40.3796219567834],[-73.9758157405219,40.3796184448629]]}},{"type":"Feature","id":59747,"properties":{"OBJECTID":59747,"PRIMENAME":"Church Street","ELEVTYP_F":0,"ELEVTYP_T":0},"geometry":{"type":"LineString","coordinates":[[-74.0085393550937,40.3743369378219],[-74.0085997322477,40.3743116637666],[-74.0092313703055,40.3740471034631]]}},{"type":"Feature","id":59851,"properties":{"OBJECTID":59851,"PRIMENAME":"Imbrie Place","ELEVTYP_F":0,"ELEVTYP_T":0},"geometry":{"type":"LineString","coordinates":[[-73.9759013873414,40.3500557390083],[-73.9757370056383,40.3500016827957],[-73.9740497509589,40.3499971245075],[-73.9737959804373,40.3500461796591]]}},{"type":"Feature","id":59975,"properties":{"OBJECTID":59975,"PRIMENAME":"Holly Street","ELEVTYP_F":0,"ELEVTYP_T":0},"geometry":{"type":"LineString","coordinates":[[-73.994921388826,40.3723508490592],[-73.9944720065191,40.3725008038859],[-73.9940838675077,40.3726297498251],[-73.9935416459493,40.372805922455],[-73.9934535296882,40.3728345526524]]}},{"type":"Feature","id":61152,"properties":{"OBJECTID":61152,"PRIMENAME":"Oak Place","ELEVTYP_F":0,"ELEVTYP_T":0},"geometry":{"type":"LineString","coordinates":[[-74.0319146827511,40.3649494002131],[-74.0317150514469,40.3647497865681],[-74.0315726075924,40.3646205431015],[-74.0314858953626,40.3645487074035],[-74.0313928406844,40.3644911203174],[-74.0313121734132,40.3644431374346],[-74.0312252308331,40.3644046263969],[-74.0311445635972,40.3643566704164],[-74.0310702724494,40.3642896617976],[-74.0308350071862,40.3640694772267],[-74.0308209633429,40.364055639434]]}},{"type":"Feature","id":61246,"properties":{"OBJECTID":61246,"PRIMENAME":"Rumson Road","ELEVTYP_F":0,"ELEVTYP_T":0},"geometry":{"type":"LineString","coordinates":[[-74.0040708943419,40.3581910330042],[-74.0034740045878,40.3584701625443],[-74.0033772241288,40.3585154198125],[-74.0029223966294,40.3587279193754],[-74.0024348072084,40.3589546064169],[-74.0022254929625,40.3590513522583]]}},{"type":"Feature","id":62622,"properties":{"OBJECTID":62622,"PRIMENAME":"Rumson Road","ELEVTYP_F":0,"ELEVTYP_T":0},"geometry":{"type":"LineString","coordinates":[[-74.0329788705267,40.3462753197672],[-74.0328141168999,40.3463633514575],[-74.0326077963667,40.3464697728685],[-74.0323874339585,40.3465832468809],[-74.0322328089225,40.3466541072404],[-74.0321016028726,40.3467107859096],[-74.0319610436207,40.3467709679419],[-74.0317868704419,40.3468324367667]]}},{"type":"Feature","id":62628,"properties":{"OBJECTID":62628,"PRIMENAME":"Harding Lane","ELEVTYP_F":0,"ELEVTYP_T":0},"geometry":{"type":"LineString","coordinates":[[-74.0301033325978,40.3546602165555],[-74.0300459609909,40.3545508075807],[-74.0296278675079,40.3537531685577]]}},{"type":"Feature","id":63091,"properties":{"OBJECTID":63091,"PRIMENAME":"Hartshorne Lane","ELEVTYP_F":0,"ELEVTYP_T":0},"geometry":{"type":"LineString","coordinates":[[-73.9847663801787,40.3687639255635],[-73.9856186237137,40.3688982247524],[-73.9864836242843,40.3690402883472],[-73.9865195055212,40.3690463496009]]}},{"type":"Feature","id":63213,"properties":{"OBJECTID":63213,"PRIMENAME":"North Cherry Lane","ELEVTYP_F":0,"ELEVTYP_T":0},"geometry":{"type":"LineString","coordinates":[[-74.008962148217,40.3699894560295],[-74.0090885902523,40.3701884810092],[-74.0091176171025,40.3702341742544]]}},{"type":"Feature","id":63258,"properties":{"OBJECTID":63258,"PRIMENAME":"Rumson Road","ELEVTYP_F":0,"ELEVTYP_T":0},"geometry":{"type":"LineString","coordinates":[[-73.9968760861749,40.3619944829839],[-73.9965305657099,40.3621873653287]]}},{"type":"Feature","id":63471,"properties":{"OBJECTID":63471,"PRIMENAME":"Church Street","ELEVTYP_F":0,"ELEVTYP_T":0},"geometry":{"type":"LineString","coordinates":[[-74.0110719816614,40.3732881721918],[-74.0116607226774,40.3730364288173],[-74.0121309810931,40.3728387843649]]}},{"type":"Feature","id":64181,"properties":{"OBJECTID":64181,"PRIMENAME":"Bruce Place","ELEVTYP_F":0,"ELEVTYP_T":0},"geometry":{"type":"LineString","coordinates":[[-74.0031779996993,40.3735348390994],[-74.0031070978196,40.3735659391202],[-74.0014448600984,40.3742946843085],[-74.0013586509976,40.3743325252444]]}},{"type":"Feature","id":64701,"properties":{"OBJECTID":64701,"PRIMENAME":"Kemp Avenue","ELEVTYP_F":0,"ELEVTYP_T":0},"geometry":{"type":"LineString","coordinates":[[-74.0294784543875,40.3638754272139],[-74.0296265698167,40.3640193012488],[-74.0302592511354,40.364622929363]]}},{"type":"Feature","id":65069,"properties":{"OBJECTID":65069,"PRIMENAME":"Kemp Avenue","ELEVTYP_F":0,"ELEVTYP_T":0},"geometry":{"type":"LineString","coordinates":[[-74.0293777852802,40.3637777556905],[-74.0294784543875,40.3638754272139]]}},{"type":"Feature","id":66339,"properties":{"OBJECTID":66339,"PRIMENAME":"New Street","ELEVTYP_F":0,"ELEVTYP_T":0},"geometry":{"type":"LineString","coordinates":[[-73.9741217692444,40.3610309153338],[-73.974233968424,40.3610241229921],[-73.9753540872252,40.3609560148662]]}},{"type":"Feature","id":66539,"properties":{"OBJECTID":66539,"PRIMENAME":"Woodland Drive","ELEVTYP_F":0,"ELEVTYP_T":0},"geometry":{"type":"LineString","coordinates":[[-74.0241865443516,40.3646555617782],[-74.0241514707599,40.3646927250248],[-74.0240450587642,40.3647542454398],[-74.0235509488883,40.365023846422],[-74.0234750758241,40.3650652338349]]}},{"type":"Feature","id":66819,"properties":{"OBJECTID":66819,"PRIMENAME":"Fair Haven Road","ELEVTYP_F":0,"ELEVTYP_T":0},"geometry":{"type":"LineString","coordinates":[[-74.0296081189294,40.3583920669342],[-74.029871509006,40.3586594571484]]}},{"type":"Feature","id":66918,"properties":{"OBJECTID":66918,"PRIMENAME":"Robin Road","ELEVTYP_F":0,"ELEVTYP_T":0},"geometry":{"type":"LineString","coordinates":[[-73.9969400908337,40.3667100119562],[-73.9969656764542,40.3667090325612],[-73.9970843089704,40.3667260744755],[-73.9971812743293,40.3667512575866],[-73.9971931949817,40.3667577724579]]}},{"type":"Feature","id":67401,"properties":{"OBJECTID":67401,"PRIMENAME":"Briarwood Road","ELEVTYP_F":0,"ELEVTYP_T":0},"geometry":{"type":"LineString","coordinates":[[-74.0086187520069,40.36271869262],[-74.0085871343983,40.3627781289507],[-74.0085675038268,40.362911516186],[-74.008547803366,40.3630496522351],[-74.0085481788528,40.3630522612068]]}},{"type":"Feature","id":67486,"properties":{"OBJECTID":67486,"PRIMENAME":"South Ward Avenue","ELEVTYP_F":0,"ELEVTYP_T":0},"geometry":{"type":"LineString","coordinates":[[-73.9801131790913,40.3633424583818],[-73.9801274285593,40.3634309993323],[-73.9801450635787,40.3635740482655],[-73.9801504298862,40.3636836865727],[-73.9801431230626,40.3638266504062],[-73.9801296814071,40.363950507347],[-73.9800975074345,40.3640790291898],[-73.9800589769913,40.3642361270008],[-73.9800225075539,40.3643024245021]]}},{"type":"Feature","id":67638,"properties":{"OBJECTID":67638,"PRIMENAME":"Black Point Road","ELEVTYP_F":0,"ELEVTYP_T":0},"geometry":{"type":"LineString","coordinates":[[-73.991835552605,40.3734797087142],[-73.992295281302,40.3734928454611],[-73.9927277984823,40.3735208774967],[-73.9928491666114,40.3735269496723]]}},{"type":"Feature","id":67867,"properties":{"OBJECTID":67867,"PRIMENAME":"Ridge Road","ELEVTYP_F":0,"ELEVTYP_T":0},"geometry":{"type":"LineString","coordinates":[[-74.0027537689465,40.368364643766],[-74.0023775072047,40.3684504872413],[-74.0019966007319,40.3685386871972],[-74.0016097921218,40.3686282528611],[-74.0014692232733,40.3686603693112]]}},{"type":"Feature","id":68449,"properties":{"OBJECTID":68449,"PRIMENAME":"Hendrickson Place","ELEVTYP_F":0,"ELEVTYP_T":0},"geometry":{"type":"LineString","coordinates":[[-74.035723156809,40.3576510769325],[-74.0362629011166,40.3573183348898]]}},{"type":"Feature","id":68940,"properties":{"OBJECTID":68940,"PRIMENAME":"Queens Drive East","ELEVTYP_F":0,"ELEVTYP_T":0},"geometry":{"type":"LineString","coordinates":[[-74.0385104275417,40.341460658695],[-74.0383855450346,40.3414654661189],[-74.0381840477514,40.3414732197979],[-74.0380825013548,40.341475586529],[-74.037995522932,40.3414724669452],[-74.0379086391084,40.3414554839368],[-74.0378217215581,40.3414329283941],[-74.0377494424934,40.341404912992],[-74.0376808269001,40.3413657936375],[-74.0376194783021,40.3413239319855],[-74.0374971347994,40.3411986187846],[-74.0372306072436,40.3409367590409],[-74.0371730512704,40.3408699858751],[-74.0371337066167,40.3407949121935],[-74.0371123860046,40.3407282551703],[-74.037105629351,40.3406616852475],[-74.0371168999724,40.3405978768135],[-74.0371319052563,40.3405230476313],[-74.0371613835966,40.3404565947832],[-74.037205203978,40.3404068352571],[-74.037267197103,40.3403543753068],[-74.0373364557781,40.3402991721767],[-74.0374857286426,40.3402054447447],[-74.0377914224917,40.3400374530356],[-74.0378246602411,40.3400191648056]]}},{"type":"Feature","id":69783,"properties":{"OBJECTID":69783,"PRIMENAME":"Shrewsbury Drive","ELEVTYP_F":0,"ELEVTYP_T":0},"geometry":{"type":"LineString","coordinates":[[-73.9873175108673,40.3629915293202],[-73.9872771653352,40.3630209430443],[-73.9872549623666,40.3630337508913],[-73.9870393749756,40.3631581092024],[-73.9867953762522,40.3632904693825],[-73.9865719461091,40.363402963808]]}},{"type":"Feature","id":69877,"properties":{"OBJECTID":69877,"PRIMENAME":"Gentry Drive","ELEVTYP_F":0,"ELEVTYP_T":0},"geometry":{"type":"LineString","coordinates":[[-74.0382072301119,40.3549818968404],[-74.0375182959145,40.3543476416407],[-74.0374036176643,40.3542420150228]]}},{"type":"Feature","id":70437,"properties":{"OBJECTID":70437,"PRIMENAME":"Linden Lane","ELEVTYP_F":0,"ELEVTYP_T":0},"geometry":{"type":"LineString","coordinates":[[-74.0183920737359,40.3598805363315],[-74.0182774299263,40.3599641866853],[-74.0181264306688,40.360056186681],[-74.0179874323022,40.3601201875896],[-74.0179394313324,40.3601381869387],[-74.0178114318671,40.3601581872515],[-74.0177064310235,40.3601581871552],[-74.0176564299301,40.3601521874658],[-74.017524432254,40.3601141861204],[-74.0174484320936,40.3600811872105],[-74.0173734296375,40.3600421877887],[-74.0172994298832,40.3599931880968],[-74.0171424324649,40.3598571868583],[-74.0168624317014,40.3595741865208],[-74.0167764308435,40.3595101873895],[-74.0166654306794,40.3594561872019],[-74.0165844309243,40.359400186774],[-74.016541431028,40.3593791867388],[-74.0157334297549,40.3590801873167],[-74.0156424315951,40.3590161871301],[-74.0156004298429,40.3589781875746],[-74.0155164308718,40.3588681862393],[-74.0154804296897,40.3587731871909],[-74.0154774298669,40.3584741871025],[-74.0154614290544,40.3583961860152],[-74.0154264318318,40.3583201858356],[-74.0153684311749,40.3582281873988],[-74.0152854287276,40.3581141866746],[-74.0152494288716,40.3580731859598],[-74.014980429624,40.3578411867363],[-74.014835429292,40.3577391871104],[-74.0146864295005,40.3576201860795],[-74.0145074301515,40.3574331860167],[-74.0144164282196,40.3572521860156],[-74.01435254104,40.3570736973235]]}},{"type":"Feature","id":71480,"properties":{"OBJECTID":71480,"PRIMENAME":"Brookside Avenue","ELEVTYP_F":0,"ELEVTYP_T":0},"geometry":{"type":"LineString","coordinates":[[-74.0265186371354,40.3647653046838],[-74.0265248502513,40.3647596200103],[-74.0265300369576,40.3647261227204],[-74.0264884694161,40.3646657505125],[-74.0264014791753,40.3645780431531],[-74.0259434718437,40.3641424550485],[-74.0256030255017,40.3638264887498],[-74.0255317845361,40.3637604221596]]}},{"type":"Feature","id":71959,"properties":{"OBJECTID":71959,"PRIMENAME":"Grant Avenue","ELEVTYP_F":0,"ELEVTYP_T":0},"geometry":{"type":"LineString","coordinates":[[-73.9814795655745,40.3626030572156],[-73.9809127226818,40.362556536746]]}},{"type":"Feature","id":73076,"properties":{"OBJECTID":73076,"PRIMENAME":"Front Street","ELEVTYP_F":0,"ELEVTYP_T":0},"geometry":{"type":"LineString","coordinates":[[-73.9756925458166,40.3609354316113],[-73.9756850629071,40.3608174362603],[-73.975675917035,40.3606732191156]]}},{"type":"Feature","id":73445,"properties":{"OBJECTID":73445,"PRIMENAME":"Packer Avenue","ELEVTYP_F":0,"ELEVTYP_T":0},"geometry":{"type":"LineString","coordinates":[[-73.9770972604795,40.3640646799199],[-73.9772394428003,40.3631130746089]]}},{"type":"Feature","id":73577,"properties":{"OBJECTID":73577,"PRIMENAME":"Lafayette Street","ELEVTYP_F":0,"ELEVTYP_T":0},"geometry":{"type":"LineString","coordinates":[[-74.012791181799,40.3770216734533],[-74.0123962469848,40.376491288282]]}},{"type":"Feature","id":73580,"properties":{"OBJECTID":73580,"PRIMENAME":"Riverview Avenue","ELEVTYP_F":0,"ELEVTYP_T":0},"geometry":{"type":"LineString","coordinates":[[-73.9970173304183,40.3739010976482],[-73.9970061169643,40.3739706670222],[-73.9969166854529,40.3745189561154],[-73.9969066087294,40.3745803768685]]}},{"type":"Feature","id":73876,"properties":{"OBJECTID":73876,"PRIMENAME":"Allen Street","ELEVTYP_F":0,"ELEVTYP_T":0},"geometry":{"type":"LineString","coordinates":[[-74.0088427142346,40.3703443792888],[-74.0088883249377,40.3704047470099],[-74.0094506617989,40.371148963162],[-74.0096052652367,40.3713595145845],[-74.0096755136778,40.3714574857878],[-74.0097317156069,40.3715373619488],[-74.0097927873174,40.3715991404122],[-74.0098678532101,40.3716862881282],[-74.0100130530111,40.3718823329482],[-74.0103644887012,40.3723614820832],[-74.0110300277159,40.3732327617638],[-74.0110719816614,40.3732881721918]]}},{"type":"Feature","id":73957,"properties":{"OBJECTID":73957,"PRIMENAME":"Buena Vista Avenue","ELEVTYP_F":0,"ELEVTYP_T":0},"geometry":{"type":"LineString","coordinates":[[-74.0222060778192,40.363755104045],[-74.0231307876651,40.3647097933997],[-74.0234750758241,40.3650652338349]]}},{"type":"Feature","id":74530,"properties":{"OBJECTID":74530,"PRIMENAME":"Highland Avenue","ELEVTYP_F":0,"ELEVTYP_T":0},"geometry":{"type":"LineString","coordinates":[[-73.9989480820457,40.3749174252959],[-73.9988720700449,40.3749498731513],[-73.9987817684507,40.3749291146058]]}},{"type":"Feature","id":74608,"properties":{"OBJECTID":74608,"PRIMENAME":"Linden Drive","ELEVTYP_F":0,"ELEVTYP_T":0},"geometry":{"type":"LineString","coordinates":[[-74.0255317845361,40.3637604221596],[-74.0253597339796,40.3638683974324],[-74.0251281615985,40.3640199698247],[-74.0250250483941,40.3640808147998],[-74.024954820344,40.3641222569987],[-74.0248493342042,40.3641851275339],[-74.0247710938627,40.3642164575477],[-74.0246722745368,40.3642343346102],[-74.0245721601101,40.3642273898026],[-74.0244227847076,40.3642029472058],[-74.0243792308486,40.3641958232023]]}},{"type":"Feature","id":74616,"properties":{"OBJECTID":74616,"PRIMENAME":"Beach Way","ELEVTYP_F":0,"ELEVTYP_T":0},"geometry":{"type":"LineString","coordinates":[[-73.9753139518768,40.3816812509782],[-73.9758248427081,40.3816582849514]]}},{"type":"Feature","id":74692,"properties":{"OBJECTID":74692,"PRIMENAME":"Bingham Hill Circle","ELEVTYP_F":0,"ELEVTYP_T":0},"geometry":{"type":"LineString","coordinates":[[-73.9965305657099,40.3621873653287],[-73.9965724717,40.362261118975],[-73.9972427981945,40.3634412230442],[-73.9977719741969,40.3643490469214],[-73.9979687455568,40.3646930488818],[-73.9980917561444,40.3649080359794],[-73.998178044401,40.3650370769281],[-73.9982459534084,40.3651231861654],[-73.9983387686196,40.3652093754788],[-73.9984566665253,40.3652718459633],[-73.9984780725306,40.3652793232001]]}},{"type":"Feature","id":75258,"properties":{"OBJECTID":75258,"PRIMENAME":"Rumson Road","ELEVTYP_F":0,"ELEVTYP_T":0},"geometry":{"type":"LineString","coordinates":[[-74.0351577405311,40.3451271093087],[-74.0348865467837,40.3452564703641],[-74.034342651735,40.345550981773],[-74.0338315849776,40.3458241567914],[-74.0334044718409,40.3460502300296]]}},{"type":"Feature","id":75287,"properties":{"OBJECTID":75287,"PRIMENAME":"3rd Street","ELEVTYP_F":0,"ELEVTYP_T":0},"geometry":{"type":"LineString","coordinates":[[-74.0381823956686,40.3590690223492],[-74.0378647807821,40.3592674933828],[-74.0377896059451,40.3593243752033],[-74.0375845467574,40.359446402286]]}},{"type":"Feature","id":75358,"properties":{"OBJECTID":75358,"PRIMENAME":"River Road","ELEVTYP_F":0,"ELEVTYP_T":0},"geometry":{"type":"LineString","coordinates":[[-74.0142514887005,40.3743942052342],[-74.0134900136239,40.3747123000304]]}},{"type":"Feature","id":75595,"properties":{"OBJECTID":75595,"PRIMENAME":"Rumson Road","ELEVTYP_F":0,"ELEVTYP_T":0},"geometry":{"type":"LineString","coordinates":[[-73.9851861330463,40.3656916347645],[-73.9846046434241,40.3656465226131],[-73.9836916102195,40.3655687691127]]}},{"type":"Feature","id":75806,"properties":{"OBJECTID":75806,"PRIMENAME":"East River Road","ELEVTYP_F":0,"ELEVTYP_T":0},"geometry":{"type":"LineString","coordinates":[[-74.0016272167442,40.3746653143445],[-74.0014563588227,40.3744535970554]]}},{"type":"Feature","id":76245,"properties":{"OBJECTID":76245,"PRIMENAME":"Oak Place","ELEVTYP_F":0,"ELEVTYP_T":0},"geometry":{"type":"LineString","coordinates":[[-74.032716574969,40.3657607144487],[-74.0326845796426,40.3657269792849],[-74.032556598674,40.3655920358395],[-74.0319687519132,40.3650034246643],[-74.0319146827511,40.3649494002131]]}},{"type":"Feature","id":76256,"properties":{"OBJECTID":76256,"PRIMENAME":"Rumson Road","ELEVTYP_F":0,"ELEVTYP_T":0},"geometry":{"type":"LineString","coordinates":[[-73.9984332548395,40.3611286905463],[-73.9981654260129,40.3612845531351],[-73.9975695903163,40.3616144080576],[-73.9972176702938,40.3618094613538],[-73.9968760861749,40.3619944829839]]}},{"type":"Feature","id":76287,"properties":{"OBJECTID":76287,"PRIMENAME":"Crabapple Lane","ELEVTYP_F":0,"ELEVTYP_T":0},"geometry":{"type":"LineString","coordinates":[[-74.0069032100698,40.3693887373031],[-74.006749157793,40.3691978673104],[-74.0067210324314,40.3691615656563],[-74.0067165063622,40.3691326121627],[-74.0067197695562,40.3691112537255]]}},{"type":"Feature","id":76679,"properties":{"OBJECTID":76679,"PRIMENAME":"Fair Haven Road","ELEVTYP_F":0,"ELEVTYP_T":0},"geometry":{"type":"LineString","coordinates":[[-74.036672897227,40.36558035179],[-74.0368378696197,40.3657548097792]]}},{"type":"Feature","id":77246,"properties":{"OBJECTID":77246,"PRIMENAME":"West Cherry Lane","ELEVTYP_F":0,"ELEVTYP_T":0},"geometry":{"type":"LineString","coordinates":[[-74.006374184804,40.3696090600982],[-74.0065119406257,40.3698011237468],[-74.0070292187755,40.3705223190158]]}},{"type":"Feature","id":77405,"properties":{"OBJECTID":77405,"PRIMENAME":"Lakeside Avenue","ELEVTYP_F":0,"ELEVTYP_T":0},"geometry":{"type":"LineString","coordinates":[[-74.0022371419669,40.3754211208667],[-74.0023079957713,40.375387111199],[-74.0032165203884,40.3749511852102],[-74.0039249275735,40.3746276329344],[-74.0039840626869,40.3746006546452]]}},{"type":"Feature","id":77442,"properties":{"OBJECTID":77442,"PRIMENAME":"River Road","ELEVTYP_F":0,"ELEVTYP_T":0},"geometry":{"type":"LineString","coordinates":[[-74.0200488312594,40.3719693283817],[-74.0194141957991,40.3722351711981],[-74.0183892055725,40.3726646182274],[-74.0168016892238,40.3733252106131],[-74.016633209712,40.3733954324763],[-74.0161146834972,40.3736115465767],[-74.0154366910814,40.3738941199762]]}},{"type":"Feature","id":78567,"properties":{"OBJECTID":78567,"PRIMENAME":"Rosalie Avenue","ELEVTYP_F":0,"ELEVTYP_T":0},"geometry":{"type":"LineString","coordinates":[[-73.9940255800626,40.373570100895],[-73.9941220256963,40.3736227909156],[-73.9941788170437,40.3736361067993],[-73.9942926048578,40.3736496439855],[-73.9944632528735,40.3736721866126],[-73.9969156056993,40.3738918981915],[-73.9970173304183,40.3739010976482]]}},{"type":"Feature","id":78673,"properties":{"OBJECTID":78673,"PRIMENAME":"Ridge Road","ELEVTYP_F":0,"ELEVTYP_T":0},"geometry":{"type":"LineString","coordinates":[[-74.0065699200957,40.3665303536379],[-74.0065162484926,40.366552305782],[-74.0063661812621,40.3666278988579],[-74.0059970454591,40.3668360276512],[-74.0053024053289,40.3672476894754],[-74.0051673934426,40.367325464603],[-74.0049081801154,40.3674747858497],[-74.0044825577248,40.3677398491306],[-74.0041947614159,40.3679006916614],[-74.0039383937097,40.3680234547196],[-74.0037945139323,40.368096325796]]}},{"type":"Feature","id":78707,"properties":{"OBJECTID":78707,"PRIMENAME":"William Street","ELEVTYP_F":0,"ELEVTYP_T":0},"geometry":{"type":"LineString","coordinates":[[-74.0375845467574,40.359446402286],[-74.037527514622,40.3593900628985],[-74.0369890947807,40.3588588844065],[-74.0363703490124,40.3582368175016],[-74.0361485641892,40.3580346718148],[-74.0358933663148,40.3578020712597],[-74.0358493363665,40.3577652183221],[-74.035821834766,40.3577410876297],[-74.035723156809,40.3576510769325]]}},{"type":"Feature","id":78721,"properties":{"OBJECTID":78721,"PRIMENAME":"Woodland Drive","ELEVTYP_F":0,"ELEVTYP_T":0},"geometry":{"type":"LineString","coordinates":[[-74.0259840717133,40.365647228083],[-74.0259890139667,40.3656486758665],[-74.0260573912223,40.3656680345225],[-74.0261193951359,40.3657159454872],[-74.0262490748455,40.3658832740837],[-74.0268423881059,40.366571997627],[-74.0269350440729,40.3666915179743],[-74.0269517359659,40.3667167863784]]}},{"type":"Feature","id":79066,"properties":{"OBJECTID":79066,"PRIMENAME":"Highland Avenue","ELEVTYP_F":0,"ELEVTYP_T":0},"geometry":{"type":"LineString","coordinates":[[-74.0242255234469,40.3612424870191],[-74.0242189960877,40.3612853535615],[-74.0242559227162,40.3613569899498],[-74.0245343818847,40.3616154954003],[-74.0252337122592,40.3622903620116],[-74.0253512989698,40.3624052360202],[-74.0254504558095,40.3624818765122],[-74.0255497455861,40.3625347169258],[-74.0256367847916,40.3625636785504],[-74.0257613146205,40.3625737154067],[-74.0259109559122,40.3625648027487],[-74.0260045689655,40.3625365818489]]}},{"type":"Feature","id":79081,"properties":{"OBJECTID":79081,"PRIMENAME":"Hayes Place","ELEVTYP_F":0,"ELEVTYP_T":0},"geometry":{"type":"LineString","coordinates":[[-74.03645622905,40.3622701937061],[-74.0364986376804,40.362245465235],[-74.0374744896742,40.3616774950458],[-74.0375253329414,40.3616471717706]]}},{"type":"Feature","id":79306,"properties":{"OBJECTID":79306,"PRIMENAME":"Alyce Lane","ELEVTYP_F":0,"ELEVTYP_T":0},"geometry":{"type":"LineString","coordinates":[[-74.0024558996531,40.3593754513377],[-74.0024496434259,40.3594651092011],[-74.0024485473292,40.3594808018885],[-74.002442663166,40.35956516914],[-74.0024421376641,40.3596366513492],[-74.0025037338504,40.3597370053858],[-74.0025590154856,40.3598420813485],[-74.0025894271049,40.3599423021073],[-74.0026074239205,40.3600376645067],[-74.0026129662102,40.3601282791615],[-74.0025997080632,40.3602378373574],[-74.0025739284283,40.3603568669537],[-74.0025293810627,40.3604805928564],[-74.0024788371036,40.3605804653914],[-74.0024032809161,40.3606849785105],[-74.0023343208846,40.3607466409965],[-74.0019706766826,40.3610548689514]]}},{"type":"Feature","id":79359,"properties":{"OBJECTID":79359,"PRIMENAME":"East River Road","ELEVTYP_F":0,"ELEVTYP_T":0},"geometry":{"type":"LineString","coordinates":[[-74.0006165877372,40.3733745238846],[-74.0002513007053,40.3728986899033]]}},{"type":"Feature","id":79604,"properties":{"OBJECTID":79604,"PRIMENAME":"Navesink Avenue","ELEVTYP_F":0,"ELEVTYP_T":0},"geometry":{"type":"LineString","coordinates":[[-73.9876860838615,40.3692427800801],[-73.9877794375527,40.3697196734741],[-73.9878569922431,40.3701158438972],[-73.9879665518384,40.3706824393707],[-73.9881025991368,40.3715148020726],[-73.9881388476568,40.3716955402954]]}},{"type":"Feature","id":79936,"properties":{"OBJECTID":79936,"PRIMENAME":"Bellevue Avenue","ELEVTYP_F":0,"ELEVTYP_T":0},"geometry":{"type":"LineString","coordinates":[[-74.0175714173059,40.3686743052926],[-74.0171604095859,40.36813450727],[-74.0167103404927,40.3675572658194],[-74.0165459369962,40.3673400107722]]}},{"type":"Feature","id":79945,"properties":{"OBJECTID":79945,"PRIMENAME":"Buttonwood Lane","ELEVTYP_F":0,"ELEVTYP_T":0},"geometry":{"type":"LineString","coordinates":[[-74.021646371491,40.3448189139697],[-74.0216205901239,40.3448168304152],[-74.0214586080242,40.344820909501],[-74.0212840410461,40.3448440426891],[-74.0210655791537,40.3449050697969],[-74.0208839207125,40.3449821436366]]}},{"type":"Feature","id":80251,"properties":{"OBJECTID":80251,"PRIMENAME":"Park Avenue","ELEVTYP_F":0,"ELEVTYP_T":0},"geometry":{"type":"LineString","coordinates":[[-74.008706347349,40.3767022307863],[-74.008639074905,40.3766035412968],[-74.0085970275194,40.3765418602238],[-74.0082361167815,40.376061293172],[-74.007903417412,40.3756113715101],[-74.0075311702472,40.3751264164465],[-74.0069954692071,40.3744099494391],[-74.0064428209959,40.3736760295832],[-74.0063349249414,40.3735335064986]]}},{"type":"Feature","id":80753,"properties":{"OBJECTID":80753,"PRIMENAME":"Kemp Avenue","ELEVTYP_F":0,"ELEVTYP_T":0},"geometry":{"type":"LineString","coordinates":[[-74.0302592511354,40.364622929363],[-74.0309759779958,40.3653068084584],[-74.0310393687485,40.3653672675463]]}},{"type":"Feature","id":80769,"properties":{"OBJECTID":80769,"PRIMENAME":"Rumson Road","ELEVTYP_F":0,"ELEVTYP_T":0},"geometry":{"type":"LineString","coordinates":[[-73.9908687999493,40.3651195230346],[-73.9907467766464,40.3651560681486],[-73.9907253529269,40.3651624845914],[-73.9905661733796,40.3651975257283],[-73.990369607496,40.3652359711721],[-73.9900748268444,40.3652918809472],[-73.9895460124418,40.3653860687094],[-73.9889899340542,40.3654831804766]]}},{"type":"Feature","id":80807,"properties":{"OBJECTID":80807,"PRIMENAME":"Rustic Terrace","ELEVTYP_F":0,"ELEVTYP_T":0},"geometry":{"type":"LineString","coordinates":[[-74.0237419497913,40.3621171844942],[-74.0237835540679,40.3620747227092],[-74.0238402774108,40.3619748392606],[-74.0238661257599,40.3618510281392],[-74.0238544104158,40.3617461417086],[-74.0238175875292,40.3616649794639],[-74.0237434406773,40.361578915297]]}},{"type":"Feature","id":80853,"properties":{"OBJECTID":80853,"PRIMENAME":"Grand Pointe Way","ELEVTYP_F":0,"ELEVTYP_T":0},"geometry":{"type":"LineString","coordinates":[[-73.9745032946428,40.3750787887202],[-73.9745300734353,40.3750782259095],[-73.9753665606438,40.3750606495721]]}},{"type":"Feature","id":81012,"properties":{"OBJECTID":81012,"PRIMENAME":"Rumson Road","ELEVTYP_F":0,"ELEVTYP_T":0},"geometry":{"type":"LineString","coordinates":[[-74.0232086538521,40.3507985073299],[-74.0229903776414,40.350877139256],[-74.0226156813396,40.351007828618],[-74.0221464163989,40.3511668415245]]}},{"type":"Feature","id":81789,"properties":{"OBJECTID":81789,"PRIMENAME":"Unnamed Segment","ELEVTYP_F":0,"ELEVTYP_T":0},"geometry":{"type":"LineString","coordinates":[[-74.0362430976605,40.3669566550707],[-74.0361858094622,40.3669839869672],[-74.0360670200183,40.3670406926556],[-74.0359794175667,40.367097523354],[-74.0359041354771,40.3671687057165],[-74.0358536971559,40.3672542900275],[-74.0358158135276,40.3673303715323],[-74.0358089507427,40.3674256847828]]}},{"type":"Feature","id":82395,"properties":{"OBJECTID":82395,"PRIMENAME":"Ridge Road","ELEVTYP_F":0,"ELEVTYP_T":0},"geometry":{"type":"LineString","coordinates":[[-74.0136158422464,40.363491089651],[-74.0130725116188,40.3637538776392],[-74.0121658310247,40.3642075958714],[-74.0114216493632,40.3645857329714],[-74.0113598415975,40.364616601842]]}},{"type":"Feature","id":82504,"properties":{"OBJECTID":82504,"PRIMENAME":"Buena Vista Avenue","ELEVTYP_F":0,"ELEVTYP_T":0},"geometry":{"type":"LineString","coordinates":[[-74.024709063618,40.3663339451264],[-74.0249591985621,40.3665914007911],[-74.0257396997789,40.367399023982]]}},{"type":"Feature","id":82601,"properties":{"OBJECTID":82601,"PRIMENAME":"Island Road","ELEVTYP_F":0,"ELEVTYP_T":0},"geometry":{"type":"LineString","coordinates":[[-73.9943388025463,40.3743454185516],[-73.994070410321,40.3736661041568],[-73.9940255800626,40.373570100895]]}},{"type":"Feature","id":82698,"properties":{"OBJECTID":82698,"PRIMENAME":"Bingham Hill Circle","ELEVTYP_F":0,"ELEVTYP_T":0},"geometry":{"type":"LineString","coordinates":[[-73.9984780725306,40.3652793232001],[-73.9985809863586,40.3653152648533],[-73.9986324520096,40.3653258643339],[-73.998699168334,40.3653396047077],[-73.9988673033482,40.3653546356544],[-73.9990168821513,40.3653457584463],[-73.9991728824602,40.3653178295356],[-73.9993478972578,40.3652423258643],[-73.9998922689981,40.3649301659855],[-74.0008432763972,40.3643956979331],[-74.0009268840714,40.3643487315153]]}},{"type":"Feature","id":82712,"properties":{"OBJECTID":82712,"PRIMENAME":"Oyster Bay Drive","ELEVTYP_F":0,"ELEVTYP_T":0},"geometry":{"type":"LineString","coordinates":[[-73.9846297488522,40.3588163270165],[-73.9847744192061,40.3587471875569],[-73.9849794204826,40.3586291880246],[-73.985018420875,40.3586011876087],[-73.9850694202803,40.3585521879494]]}},{"type":"Feature","id":83033,"properties":{"OBJECTID":83033,"PRIMENAME":"Narumsunk Street","ELEVTYP_F":0,"ELEVTYP_T":0},"geometry":{"type":"LineString","coordinates":[[-74.0088427142346,40.3703443792888],[-74.0090929333556,40.3702427994514],[-74.0091176171025,40.3702341742544]]}},{"type":"Feature","id":83069,"properties":{"OBJECTID":83069,"PRIMENAME":"South Cherry Lane","ELEVTYP_F":0,"ELEVTYP_T":0},"geometry":{"type":"LineString","coordinates":[[-74.0067197695562,40.3691112537255],[-74.0067214809413,40.3691000479686],[-74.0067501340105,40.3690639614619],[-74.0068498459405,40.3690137658195],[-74.0071870381293,40.3688415160635],[-74.0072580810673,40.3688345712637]]}},{"type":"Feature","id":83334,"properties":{"OBJECTID":83334,"PRIMENAME":"Edgewood Road","ELEVTYP_F":0,"ELEVTYP_T":0},"geometry":{"type":"LineString","coordinates":[[-74.0237331805738,40.3653314532107],[-74.0236708865058,40.3653606802778],[-74.0231243939426,40.3656172249069],[-74.0222801413854,40.3660135401181],[-74.0214399221806,40.3664117139422],[-74.0211362294936,40.3665479903143],[-74.0210602340607,40.366591076944],[-74.0209981828973,40.3666668337343],[-74.020950266765,40.3667534658202],[-74.0209068225194,40.3668727009452],[-74.0208872685418,40.3669631008148],[-74.0208678427987,40.3670353837811],[-74.0208200541593,40.3671039520438],[-74.0207676055207,40.3671616310589],[-74.020705809981,40.3672011800033],[-74.0204874623166,40.3673015995691],[-74.0196330250523,40.367706947793],[-74.0185602229623,40.3682127063901],[-74.0176535938371,40.3686359409325],[-74.0175714173059,40.3686743052926]]}},{"type":"Feature","id":84074,"properties":{"OBJECTID":84074,"PRIMENAME":"Ridge Road","ELEVTYP_F":0,"ELEVTYP_T":0},"geometry":{"type":"LineString","coordinates":[[-74.0400766760119,40.3514918668121],[-74.0385036432185,40.3519948891795],[-74.0376754045078,40.3522600608855]]}},{"type":"Feature","id":84279,"properties":{"OBJECTID":84279,"PRIMENAME":"Bingham Avenue","ELEVTYP_F":0,"ELEVTYP_T":0},"geometry":{"type":"LineString","coordinates":[[-74.011076118028,40.3776768188986],[-74.011441982761,40.3781663197266],[-74.0114513377539,40.3781777983501]]}},{"type":"Feature","id":85118,"properties":{"OBJECTID":85118,"PRIMENAME":"Oceanic Bridge","ELEVTYP_F":0,"ELEVTYP_T":0},"geometry":{"type":"LineString","coordinates":[[-74.0115630423061,40.3783148540342],[-74.0121708904772,40.379060645216],[-74.0128937440148,40.3799310842042],[-74.0135980879386,40.3807823893695],[-74.0143013734158,40.3816402027728]]}},{"type":"Feature","id":85522,"properties":{"OBJECTID":85522,"PRIMENAME":"River Road","ELEVTYP_F":0,"ELEVTYP_T":0},"geometry":{"type":"LineString","coordinates":[[-74.0150820323801,40.3740437826147],[-74.014314095724,40.374368059428],[-74.0142514887005,40.3743942052342]]}},{"type":"Feature","id":86561,"properties":{"OBJECTID":86561,"PRIMENAME":"Rumson Road","ELEVTYP_F":0,"ELEVTYP_T":0},"geometry":{"type":"LineString","coordinates":[[-74.0181008763335,40.3526624346184],[-74.017786009577,40.352803624933],[-74.0173735321869,40.3529913498901],[-74.0169000000704,40.3532217262217],[-74.0162998457249,40.3535158901279],[-74.015934231385,40.3536974644152]]}},{"type":"Feature","id":86904,"properties":{"OBJECTID":86904,"PRIMENAME":"Beach Way","ELEVTYP_F":0,"ELEVTYP_T":0},"geometry":{"type":"LineString","coordinates":[[-73.9746776615523,40.3817097668477],[-73.9747649948607,40.3817059088962],[-73.9753139518768,40.3816812509782]]}},{"type":"Feature","id":88468,"properties":{"OBJECTID":88468,"PRIMENAME":"East River Road","ELEVTYP_F":0,"ELEVTYP_T":0},"geometry":{"type":"LineString","coordinates":[[-74.008706347349,40.3767022307863],[-74.0086637698225,40.3767128666558],[-74.0085077469762,40.3767408081818],[-74.0080276765818,40.3767721205138],[-74.0072342412475,40.376823206268]]}},{"type":"Feature","id":88685,"properties":{"OBJECTID":88685,"PRIMENAME":"Kemp Avenue","ELEVTYP_F":0,"ELEVTYP_T":0},"geometry":{"type":"LineString","coordinates":[[-74.0181008763335,40.3526624346184],[-74.0181663903901,40.3527289494615],[-74.0190199011804,40.3535951488801],[-74.0197992664573,40.3543799693161],[-74.0203148164569,40.3548990824355]]}},{"type":"Feature","id":89018,"properties":{"OBJECTID":89018,"PRIMENAME":"Bingham Avenue","ELEVTYP_F":0,"ELEVTYP_T":0},"geometry":{"type":"LineString","coordinates":[[-74.0050040854463,40.3696962381631],[-74.0050796786503,40.3697950033003],[-74.0051200892034,40.3698478010305]]}},{"type":"Feature","id":89257,"properties":{"OBJECTID":89257,"PRIMENAME":"East River Road","ELEVTYP_F":0,"ELEVTYP_T":0},"geometry":{"type":"LineString","coordinates":[[-74.0000672620245,40.3726580478363],[-73.9996280205208,40.3720739514427]]}},{"type":"Feature","id":91075,"properties":{"OBJECTID":91075,"PRIMENAME":"Black Point Road","ELEVTYP_F":0,"ELEVTYP_T":0},"geometry":{"type":"LineString","coordinates":[[-73.9884138527349,40.3733853416976],[-73.988521506167,40.3733412367926],[-73.9894948442579,40.3733760081712],[-73.9896610590764,40.3733863228499]]}},{"type":"Feature","id":93268,"properties":{"OBJECTID":93268,"PRIMENAME":"Bingham Avenue","ELEVTYP_F":0,"ELEVTYP_T":0},"geometry":{"type":"LineString","coordinates":[[-74.0059739654674,40.3709652528955],[-74.0063364640491,40.3714435834193]]}},{"type":"Feature","id":94980,"properties":{"OBJECTID":94980,"PRIMENAME":"Denormandie Avenue","ELEVTYP_F":0,"ELEVTYP_T":0},"geometry":{"type":"LineString","coordinates":[[-74.0362430976605,40.3669566550707],[-74.0367556963184,40.3674723877215]]}},{"type":"Feature","id":96250,"properties":{"OBJECTID":96250,"PRIMENAME":"Shrewsbury River Bridge","ELEVTYP_F":0,"ELEVTYP_T":0},"geometry":{"type":"LineString","coordinates":[[-73.9794465028111,40.3652771165664],[-73.9793455165335,40.365290552662],[-73.9792379043111,40.3653115350771],[-73.9790786715394,40.3653572661421],[-73.9790714300588,40.3653597319198],[-73.9788818432674,40.3654242954146],[-73.9787037849528,40.3654914089567],[-73.9784554628462,40.3655760760218],[-73.9782821701376,40.3656253118446],[-73.9781089044985,40.3656710052844],[-73.9779263075799,40.3657166572419],[-73.9777438022135,40.3657551446772],[-73.9775659448696,40.3657865142926],[-73.9773928516834,40.3658143367991],[-73.9772150781243,40.365834973243],[-73.9770522847404,40.3658480648827],[-73.9770046727441,40.3658518934892],[-73.9767802637522,40.365865152816],[-73.9767045276887,40.3658661350068],[-73.9765746335417,40.3658678186289],[-73.9764663473289,40.3658673284902],[-73.9763363388833,40.3658667398956],[-73.9762008538376,40.3658625300679],[-73.9760419973458,40.3658546737574],[-73.9758458731415,40.3658395098042],[-73.9757675085982,40.3658324889293],[-73.9756777423957,40.3658244454139],[-73.9755373840966,40.3658121672368]]}},{"type":"Feature","id":98346,"properties":{"OBJECTID":98346,"PRIMENAME":"Buena Vista Avenue","ELEVTYP_F":0,"ELEVTYP_T":0},"geometry":{"type":"LineString","coordinates":[[-74.0237331805738,40.3653314532107],[-74.0242106847131,40.3658210177511],[-74.024709063618,40.3663339451264]]}},{"type":"Feature","id":99579,"properties":{"OBJECTID":99579,"PRIMENAME":"Warren Street","ELEVTYP_F":0,"ELEVTYP_T":0},"geometry":{"type":"LineString","coordinates":[[-73.9816178569418,40.3595461229401],[-73.9816021471676,40.359615341179],[-73.9814561936609,40.3602577450239]]}},{"type":"Feature","id":100811,"properties":{"OBJECTID":100811,"PRIMENAME":"Fair Haven Road","ELEVTYP_F":0,"ELEVTYP_T":0},"geometry":{"type":"LineString","coordinates":[[-74.0279187053906,40.3567676938985],[-74.0282481597468,40.3570816049463],[-74.0289227415302,40.3577277432894],[-74.0291083642471,40.3579096260707],[-74.0294487998617,40.3582303314312],[-74.0296081189294,40.3583920669342]]}},{"type":"Feature","id":102761,"properties":{"OBJECTID":102761,"PRIMENAME":"Hendrickson Place","ELEVTYP_F":0,"ELEVTYP_T":0},"geometry":{"type":"LineString","coordinates":[[-74.0347480132308,40.3582687902297],[-74.0342808681243,40.3585858453676],[-74.0342100271177,40.3586333269276]]}},{"type":"Feature","id":103313,"properties":{"OBJECTID":103313,"PRIMENAME":"Galilee Drive","ELEVTYP_F":0,"ELEVTYP_T":0},"geometry":{"type":"LineString","coordinates":[[-73.9757344408672,40.3458507974649],[-73.9755852633439,40.3458513451877],[-73.9752933629856,40.3458456820391],[-73.9750427838272,40.3458462760823],[-73.974792260111,40.345844122852],[-73.9745958626972,40.3458393589971],[-73.9744671012069,40.3458339717659],[-73.9742811371138,40.345830051856],[-73.9740979861145,40.3458288896188],[-73.9739957004272,40.3458281858324]]}},{"type":"Feature","id":103662,"properties":{"OBJECTID":103662,"PRIMENAME":"South Ward Avenue","ELEVTYP_F":0,"ELEVTYP_T":0},"geometry":{"type":"LineString","coordinates":[[-73.9814561936609,40.3602577450239],[-73.9813859390534,40.3603539389405],[-73.9811957621903,40.360614328828],[-73.9803457217113,40.3617781474635],[-73.9798608737458,40.3624432388307],[-73.9798698476073,40.362471005623]]}},{"type":"Feature","id":108057,"properties":{"OBJECTID":108057,"PRIMENAME":"Rumson Road","ELEVTYP_F":0,"ELEVTYP_T":0},"geometry":{"type":"LineString","coordinates":[[-74.0317868704419,40.3468324367667],[-74.0315630050655,40.3469051882902],[-74.0312774564944,40.3469862230985],[-74.0307999429112,40.3471308526777],[-74.0304862721315,40.347226099901],[-74.0303199793073,40.3472716812909]]}},{"type":"Feature","id":110736,"properties":{"OBJECTID":110736,"PRIMENAME":"Holly Tree Lane","ELEVTYP_F":0,"ELEVTYP_T":0},"geometry":{"type":"LineString","coordinates":[[-74.0325994164954,40.3390288965034],[-74.0327196278573,40.338956908499],[-74.033976697324,40.3382041691754],[-74.0340267516886,40.338166239903],[-74.0340520484969,40.3381186855815],[-74.0340524089995,40.3380662807666],[-74.0340278336197,40.3380089723216],[-74.0338484610959,40.3378319261464],[-74.033118454646,40.3371188543038],[-74.0330271836089,40.3370263022744]]}},{"type":"Feature","id":110877,"properties":{"OBJECTID":110877,"PRIMENAME":"Fair Haven Road","ELEVTYP_F":0,"ELEVTYP_T":0},"geometry":{"type":"LineString","coordinates":[[-74.0368378696197,40.3657548097792],[-74.0369349649806,40.3658574293645],[-74.0373285737533,40.3662615421932],[-74.0375984943665,40.3665386658668]]}},{"type":"Feature","id":112043,"properties":{"OBJECTID":112043,"PRIMENAME":"3rd Street","ELEVTYP_F":0,"ELEVTYP_T":0},"geometry":{"type":"LineString","coordinates":[[-74.0360551740225,40.3603250229995],[-74.03507489906,40.3609005677562],[-74.0350226222544,40.3609252560384]]}},{"type":"Feature","id":112456,"properties":{"OBJECTID":112456,"PRIMENAME":"East River Road","ELEVTYP_F":0,"ELEVTYP_T":0},"geometry":{"type":"LineString","coordinates":[[-74.0027122569037,40.3759799406201],[-74.0026001638728,40.3758767344814],[-74.0022729252635,40.3754654722812],[-74.0022371419669,40.3754211208667]]}},{"type":"Feature","id":112495,"properties":{"OBJECTID":112495,"PRIMENAME":"Shrewsbury Drive","ELEVTYP_F":0,"ELEVTYP_T":0},"geometry":{"type":"LineString","coordinates":[[-73.9923845736239,40.3592042010726],[-73.9922897124639,40.3592636841067],[-73.9917013580784,40.3596328253068],[-73.9908001190889,40.3601769909121],[-73.9899675494826,40.3607023188984],[-73.9896984449832,40.3608584030114],[-73.9894605594457,40.3610098481703],[-73.9892758716518,40.3611308634022]]}},{"type":"Feature","id":112515,"properties":{"OBJECTID":112515,"PRIMENAME":"Ridge Road","ELEVTYP_F":0,"ELEVTYP_T":0},"geometry":{"type":"LineString","coordinates":[[-73.9977259053612,40.3695013542488],[-73.9975966233668,40.3695259666783],[-73.9968671303922,40.3695799774043],[-73.9961314627696,40.3696292066132],[-73.9961079372142,40.3696313827501]]}},{"type":"Feature","id":112647,"properties":{"OBJECTID":112647,"PRIMENAME":"Forrest Avenue","ELEVTYP_F":0,"ELEVTYP_T":0},"geometry":{"type":"LineString","coordinates":[[-73.9998309556647,40.3690347935477],[-73.9999001835435,40.3691277703983],[-74.0003817516858,40.3697748032602],[-74.0006838076722,40.3701806369022],[-74.0008989616228,40.370474640593]]}},{"type":"Feature","id":113100,"properties":{"OBJECTID":113100,"PRIMENAME":"Laurel Drive","ELEVTYP_F":0,"ELEVTYP_T":0},"geometry":{"type":"LineString","coordinates":[[-74.0316839188926,40.3628231185005],[-74.0311538583826,40.363015110242],[-74.0310225854982,40.3630765372253],[-74.0309037667402,40.3631380136727],[-74.0307662521171,40.363204164166],[-74.0303286322609,40.3634168691643],[-74.0302721571379,40.3634253688909],[-74.0302060903713,40.3634251005434],[-74.0301452233718,40.3634096998719]]}},{"type":"Feature","id":113379,"properties":{"OBJECTID":113379,"PRIMENAME":"Park Lane","ELEVTYP_F":0,"ELEVTYP_T":0},"geometry":{"type":"LineString","coordinates":[[-74.0323700731248,40.3623996232709],[-74.032218383485,40.3622378126384],[-74.0316245581031,40.361620598557],[-74.0315626894794,40.3615583887547],[-74.0314376681347,40.3615259561173]]}},{"type":"Feature","id":113672,"properties":{"OBJECTID":113672,"PRIMENAME":"Wilson Circle","ELEVTYP_F":0,"ELEVTYP_T":0},"geometry":{"type":"LineString","coordinates":[[-74.0027122569037,40.3759799406201],[-74.0026336019033,40.376015564262],[-74.0023193742326,40.3761579221806],[-74.0021194210486,40.3762485031894],[-74.0020108211734,40.3763046411861],[-74.0019478704005,40.3763522736458],[-74.0019188580874,40.3764218208577],[-74.001912609401,40.3765001969677],[-74.0019349808925,40.3765525334808],[-74.0019858160752,40.3766050484083],[-74.0020708592571,40.3766576277463],[-74.0022012941076,40.376736591399],[-74.0023260789569,40.3767980985901],[-74.0024623417095,40.376850925068],[-74.0026156916967,40.3769038536983],[-74.0027691370117,40.3769436871452],[-74.0028998855198,40.3769703832789],[-74.0030192880482,40.3769926650764],[-74.0031559399002,40.376997617681]]}},{"type":"Feature","id":114616,"properties":{"OBJECTID":114616,"PRIMENAME":"Woodland Drive","ELEVTYP_F":0,"ELEVTYP_T":0},"geometry":{"type":"LineString","coordinates":[[-74.0241865443516,40.3646555617782],[-74.0242633157687,40.3647312879704],[-74.0245107746788,40.3649753914548],[-74.0246468631611,40.3651236967996],[-74.0247334683618,40.36520983946],[-74.0248203099685,40.3652673784427],[-74.024913427139,40.3653154169843],[-74.0250315526029,40.3653540329043],[-74.0253486357265,40.3654506475622],[-74.0256096928874,40.3655375054],[-74.0259840717133,40.365647228083]]}},{"type":"Feature","id":115209,"properties":{"OBJECTID":115209,"PRIMENAME":"Rumson Road","ELEVTYP_F":0,"ELEVTYP_T":0},"geometry":{"type":"LineString","coordinates":[[-74.0234410765195,40.3507147797567],[-74.0232288399095,40.35079123583],[-74.0232086538521,40.3507985073299]]}},{"type":"Feature","id":115296,"properties":{"OBJECTID":115296,"PRIMENAME":"Third Street","ELEVTYP_F":0,"ELEVTYP_T":0},"geometry":{"type":"LineString","coordinates":[[-74.0140813646412,40.3720190780116],[-74.0140154107743,40.3719317785792],[-74.0138795248547,40.3717466496257],[-74.0137670989156,40.3715833328405],[-74.0137154574868,40.3715324669308],[-74.0136683348702,40.3715069308799],[-74.0135975084119,40.3714885426229],[-74.0135257510015,40.3714779509091]]}},{"type":"Feature","id":115897,"properties":{"OBJECTID":115897,"PRIMENAME":"East River Road","ELEVTYP_F":0,"ELEVTYP_T":0},"geometry":{"type":"LineString","coordinates":[[-74.0010328259582,40.3739166812564],[-74.0006165877372,40.3733745238846]]}},{"type":"Feature","id":116587,"properties":{"OBJECTID":116587,"PRIMENAME":"Rumson Road","ELEVTYP_F":0,"ELEVTYP_T":0},"geometry":{"type":"LineString","coordinates":[[-74.0265022424455,40.3489544268741],[-74.0263434895169,40.3490750593879],[-74.025991216447,40.3493417120171],[-74.0256153967636,40.3496297330891],[-74.0253195587985,40.3498501109015],[-74.0250566064107,40.3500420732685],[-74.024901678571,40.3501486639285],[-74.0247984067397,40.3502161559297],[-74.0247046244569,40.3502658152274],[-74.0246062286362,40.3503082628919],[-74.0244656436856,40.3503648951928],[-74.0241705920978,40.3504673673197],[-74.0237000768789,40.3506269425184],[-74.0234410765195,40.3507147797567]]}},{"type":"Feature","id":116994,"properties":{"OBJECTID":116994,"PRIMENAME":"Lincoln Avenue","ELEVTYP_F":0,"ELEVTYP_T":0},"geometry":{"type":"LineString","coordinates":[[-73.9800225075539,40.3643024245021],[-73.9799277894748,40.3643083121476],[-73.9798904318538,40.364304477616],[-73.9794421371404,40.3642584712881],[-73.978863072343,40.3642129557208],[-73.9780972184708,40.3641475440022],[-73.9779827682762,40.364138572196]]}},{"type":"Feature","id":116997,"properties":{"OBJECTID":116997,"PRIMENAME":"Forrest Avenue","ELEVTYP_F":0,"ELEVTYP_T":0},"geometry":{"type":"LineString","coordinates":[[-74.0031779996993,40.3735348390994],[-74.0037170491037,40.3742435142756],[-74.0039840626869,40.3746006546452]]}},{"type":"Feature","id":117024,"properties":{"OBJECTID":117024,"PRIMENAME":"Seven Bridges Road","ELEVTYP_F":0,"ELEVTYP_T":0},"geometry":{"type":"LineString","coordinates":[[-74.035303445387,40.3416549718373],[-74.0354767124688,40.3418716324369],[-74.0355778014333,40.341998546638],[-74.0359337215924,40.3424453997543],[-74.0359545673673,40.3424711510642],[-74.0360305938948,40.3425650670999]]}},{"type":"Feature","id":117244,"properties":{"OBJECTID":117244,"PRIMENAME":"Break Water Cove","ELEVTYP_F":0,"ELEVTYP_T":0},"geometry":{"type":"LineString","coordinates":[[-73.9749225250361,40.342301171598],[-73.9750154157736,40.3423161855823],[-73.9750504167852,40.3423261840446],[-73.9752764175506,40.3424691844606],[-73.9753144149475,40.3424781859062],[-73.975701417055,40.3425311841746],[-73.9758074153081,40.3425351843388]]}},{"type":"Feature","id":117631,"properties":{"OBJECTID":117631,"PRIMENAME":"Ridge Road","ELEVTYP_F":0,"ELEVTYP_T":0},"geometry":{"type":"LineString","coordinates":[[-74.0167766098522,40.3618004592548],[-74.016449580642,40.3619950987382],[-74.0157551239349,40.3624020764265],[-74.0153360228945,40.3626338527026],[-74.014754553518,40.3629221843175],[-74.0140103983642,40.3632955342607],[-74.0136977362658,40.3634514911837],[-74.0136158422464,40.363491089651]]}},{"type":"Feature","id":117873,"properties":{"OBJECTID":117873,"PRIMENAME":"Navesink Avenue","ELEVTYP_F":0,"ELEVTYP_T":0},"geometry":{"type":"LineString","coordinates":[[-73.9875372919826,40.3752872706328],[-73.9871682696569,40.3760960924861]]}},{"type":"Feature","id":118684,"properties":{"OBJECTID":118684,"PRIMENAME":"3rd Street","ELEVTYP_F":0,"ELEVTYP_T":0},"geometry":{"type":"LineString","coordinates":[[-74.0350226222544,40.3609252560384],[-74.0349248732834,40.3609714490808],[-74.0341560265905,40.361437341652]]}},{"type":"Feature","id":119856,"properties":{"OBJECTID":119856,"PRIMENAME":"Unnamed Segment","ELEVTYP_F":0,"ELEVTYP_T":0},"geometry":{"type":"LineString","coordinates":[[-73.9758214167976,40.3472291859992],[-73.9759884179522,40.3473431850108]]}},{"type":"Feature","id":120582,"properties":{"OBJECTID":120582,"PRIMENAME":"Meadowbrook Avenue","ELEVTYP_F":0,"ELEVTYP_T":0},"geometry":{"type":"LineString","coordinates":[[-73.9998599613705,40.3760202659692],[-73.999934939591,40.375982157846],[-74.0009293910458,40.3754769492617],[-74.0017867385316,40.3750364761531],[-74.0018857141436,40.374985623319]]}},{"type":"Feature","id":121145,"properties":{"OBJECTID":121145,"PRIMENAME":"Galilee Drive","ELEVTYP_F":0,"ELEVTYP_T":0},"geometry":{"type":"LineString","coordinates":[[-73.9772776981019,40.3458546406935],[-73.9770810589449,40.3458532583042],[-73.976820119491,40.3458525448464],[-73.9766159446485,40.3458512914989],[-73.9764498365556,40.345850183084],[-73.9763076461397,40.3458506102545],[-73.9760799781965,40.3458484804345],[-73.9758094027921,40.3458505211696],[-73.9757344408672,40.3458507974649]]}},{"type":"Feature","id":121156,"properties":{"OBJECTID":121156,"PRIMENAME":"Buttonwood Lane","ELEVTYP_F":0,"ELEVTYP_T":0},"geometry":{"type":"LineString","coordinates":[[-74.0204222618396,40.3451871081816],[-74.0201161861339,40.3452728884481],[-74.0199101729619,40.3453387690855],[-74.0196357368303,40.3453948120063],[-74.0195232809154,40.3454372528359],[-74.0194481427503,40.3454941221217]]}},{"type":"Feature","id":121730,"properties":{"OBJECTID":121730,"PRIMENAME":"Hartshorne Lane","ELEVTYP_F":0,"ELEVTYP_T":0},"geometry":{"type":"LineString","coordinates":[[-73.9831259483155,40.3684931232751],[-73.9837015731957,40.3685903209097]]}},{"type":"Feature","id":122264,"properties":{"OBJECTID":122264,"PRIMENAME":"Warren Street","ELEVTYP_F":0,"ELEVTYP_T":0},"geometry":{"type":"LineString","coordinates":[[-73.9814561936609,40.3602577450239],[-73.9814345044938,40.3603532902801],[-73.9814302711521,40.3603695171855],[-73.9813574917278,40.3606484358075],[-73.9811577445408,40.3615101848293],[-73.9809258570253,40.3625004565334],[-73.9809127226818,40.362556536746]]}},{"type":"Feature","id":122855,"properties":{"OBJECTID":122855,"PRIMENAME":"Tulip Tree Lane","ELEVTYP_F":0,"ELEVTYP_T":0},"geometry":{"type":"LineString","coordinates":[[-73.9938818133103,40.3654156105102],[-73.9947389057346,40.3650126050354]]}},{"type":"Feature","id":123626,"properties":{"OBJECTID":123626,"PRIMENAME":"Bingham Avenue","ELEVTYP_F":0,"ELEVTYP_T":0},"geometry":{"type":"LineString","coordinates":[[-74.0099605022523,40.3761886321499],[-74.0100494499494,40.3763025543741],[-74.0103064059089,40.3766316589078],[-74.0107158746227,40.3771901128521]]}},{"type":"Feature","id":126408,"properties":{"OBJECTID":126408,"PRIMENAME":"Unnamed Segment","ELEVTYP_F":0,"ELEVTYP_T":0},"geometry":{"type":"LineString","coordinates":[[-74.0280019465293,40.3667875108393],[-74.0280373635073,40.3667627569652],[-74.0286601069111,40.3663274024833],[-74.0287761950112,40.3662462444063]]}},{"type":"Feature","id":126514,"properties":{"OBJECTID":126514,"PRIMENAME":"Ward Avenue","ELEVTYP_F":0,"ELEVTYP_T":0},"geometry":{"type":"LineString","coordinates":[[-73.9794465028111,40.3652771165664],[-73.9795498767948,40.3656159522033],[-73.9799296780198,40.3669381370278],[-73.9800474810481,40.3673482286409],[-73.9803445506803,40.3684218846051],[-73.9803733606397,40.3685260018101]]}},{"type":"Feature","id":127474,"properties":{"OBJECTID":127474,"PRIMENAME":"Laurel Drive","ELEVTYP_F":0,"ELEVTYP_T":0},"geometry":{"type":"LineString","coordinates":[[-74.0301452233718,40.3634096998719],[-74.0300760520135,40.3634015958047],[-74.0300079104312,40.3634105145348],[-74.0299546640493,40.3634296521772],[-74.0294604236278,40.3637278825861],[-74.0293777852802,40.3637777556905]]}},{"type":"Feature","id":127616,"properties":{"OBJECTID":127616,"PRIMENAME":"Unnamed Segment","ELEVTYP_F":0,"ELEVTYP_T":0},"geometry":{"type":"LineString","coordinates":[[-73.9758074153081,40.3425351843388],[-73.9759164185846,40.3425391863132],[-73.9762104168485,40.3425931844731]]}},{"type":"Feature","id":128501,"properties":{"OBJECTID":128501,"PRIMENAME":"3rd Street","ELEVTYP_F":0,"ELEVTYP_T":0},"geometry":{"type":"LineString","coordinates":[[-74.0366409519156,40.3599936393734],[-74.0361633396955,40.360261494547],[-74.0360551740225,40.3603250229995]]}},{"type":"Feature","id":128655,"properties":{"OBJECTID":128655,"PRIMENAME":"Laurel Lane","ELEVTYP_F":0,"ELEVTYP_T":0},"geometry":{"type":"LineString","coordinates":[[-74.0217378307784,40.356322698681],[-74.0216415810283,40.3563798125063],[-74.0209158976774,40.3568104931248],[-74.0205468261835,40.3570234443815],[-74.0200843091449,40.3572312305983],[-74.0200746178803,40.3572349965284]]}},{"type":"Feature","id":130172,"properties":{"OBJECTID":130172,"PRIMENAME":"Forrest Avenue","ELEVTYP_F":0,"ELEVTYP_T":0},"geometry":{"type":"LineString","coordinates":[[-74.0008989616228,40.370474640593],[-74.0014805421974,40.3712694623422]]}},{"type":"Feature","id":130558,"properties":{"OBJECTID":130558,"PRIMENAME":"Sunset Lane","ELEVTYP_F":0,"ELEVTYP_T":0},"geometry":{"type":"LineString","coordinates":[[-73.9740057004228,40.34483207724],[-73.9741205689643,40.3448291401547],[-73.9743662740242,40.344822872572],[-73.9745010765537,40.344830869523],[-73.9747852278424,40.3448358393011],[-73.9749440750593,40.3448476231706],[-73.9751029303048,40.3448630860143],[-73.9752618075341,40.3448711643091],[-73.9754853116553,40.3448748971219]]}},{"type":"Feature","id":130855,"properties":{"OBJECTID":130855,"PRIMENAME":"Denormandie Avenue","ELEVTYP_F":0,"ELEVTYP_T":0},"geometry":{"type":"LineString","coordinates":[[-74.0343413904139,40.3650086374764],[-74.0344106315285,40.3650799891044],[-74.0352644439002,40.3659603708809],[-74.0357114202131,40.3664187452211]]}},{"type":"Feature","id":132401,"properties":{"OBJECTID":132401,"PRIMENAME":"Lennox Avenue","ELEVTYP_F":0,"ELEVTYP_T":0},"geometry":{"type":"LineString","coordinates":[[-74.0040814714866,40.3726823588486],[-74.0041322541536,40.3727516732997],[-74.004436671671,40.3731666486778],[-74.0051136027401,40.374031779419],[-74.0051182942857,40.374038061689],[-74.0051436739225,40.3740720426983]]}},{"type":"Feature","id":132545,"properties":{"OBJECTID":132545,"PRIMENAME":"Unnamed Segment","ELEVTYP_F":0,"ELEVTYP_T":0},"geometry":{"type":"LineString","coordinates":[[-73.9739360764819,40.3468926746623],[-73.9752844179828,40.3468901846022],[-73.975346418312,40.3469061857942],[-73.9753964149865,40.3469331861855],[-73.9756631400261,40.3471320513345],[-73.9756794165018,40.3471441848198],[-73.9758214167976,40.3472291859992]]}},{"type":"Feature","id":133092,"properties":{"OBJECTID":133092,"PRIMENAME":"Third Street","ELEVTYP_F":0,"ELEVTYP_T":0},"geometry":{"type":"LineString","coordinates":[[-74.0154366910814,40.3738941199762],[-74.0153974807932,40.3738409742442],[-74.0150085086164,40.3733146575831],[-74.0145492445568,40.3727011600489],[-74.0141278689791,40.372080600241],[-74.0140813646412,40.3720190780116]]}},{"type":"Feature","id":133519,"properties":{"OBJECTID":133519,"PRIMENAME":"Second Street","ELEVTYP_F":0,"ELEVTYP_T":0},"geometry":{"type":"LineString","coordinates":[[-74.0146815576738,40.3750058790496],[-74.014295239434,40.3744696343982],[-74.0142514887005,40.3743942052342]]}},{"type":"Feature","id":134766,"properties":{"OBJECTID":134766,"PRIMENAME":"River Road","ELEVTYP_F":0,"ELEVTYP_T":0},"geometry":{"type":"LineString","coordinates":[[-74.0355436495356,40.3644457409901],[-74.0343413904139,40.3650086374764]]}},{"type":"Feature","id":136834,"properties":{"OBJECTID":136834,"PRIMENAME":"River Road","ELEVTYP_F":0,"ELEVTYP_T":0},"geometry":{"type":"LineString","coordinates":[[-74.0376992013832,40.3634233419594],[-74.0374079284973,40.3635609735589],[-74.0368778810274,40.3638129630668],[-74.0366961693778,40.3638993487147]]}},{"type":"Feature","id":139962,"properties":{"OBJECTID":139962,"PRIMENAME":"Riverside Drive","ELEVTYP_F":0,"ELEVTYP_T":0},"geometry":{"type":"LineString","coordinates":[[-74.0292071200735,40.3455106477114],[-74.0291094631669,40.3454480710184],[-74.0288860594375,40.3453279925282],[-74.0286999703474,40.3452128697295],[-74.0285514683568,40.3450740172683],[-74.0284152480582,40.3449543751448],[-74.0283167155052,40.3448014237546],[-74.0281503778839,40.3445243318125],[-74.0280889298169,40.3444096884921],[-74.0279964024424,40.3442806438912],[-74.027878943285,40.3441514704323],[-74.0277304782258,40.3440078949332],[-74.0275880212063,40.3438928935303],[-74.0274391880995,40.3437970002416],[-74.0273027752099,40.3437106548889],[-74.0272159589476,40.343653117701],[-74.0271415612075,40.3436051574074],[-74.0270365198717,40.3434808100019],[-74.0267890263695,40.3432462641986],[-74.0264549544473,40.3429208002192],[-74.0261888717951,40.3426671255262],[-74.0260341039675,40.3425330472974],[-74.0259472935373,40.3424802583098],[-74.0258123155823,40.3424300169875],[-74.0257919573183,40.3424224392034],[-74.0256427996081,40.3423789205554],[-74.0255371953818,40.3423355794761],[-74.0254440757363,40.3422923183428],[-74.0253450473169,40.3422013749039],[-74.0249243446654,40.3417992891509],[-74.0248435738728,40.3417703796997],[-74.0247501882679,40.3417651919652],[-74.0246565662101,40.341788663723],[-74.0246120984834,40.341811490823],[-74.0244815397341,40.3418785075452],[-74.0240499136483,40.3421435926944],[-74.0237871661794,40.3422998109557],[-74.0237167689091,40.3423416598919]]}},{"type":"Feature","id":140074,"properties":{"OBJECTID":140074,"PRIMENAME":"Post Road","ELEVTYP_F":0,"ELEVTYP_T":0},"geometry":{"type":"LineString","coordinates":[[-74.0288610928591,40.3502981660648],[-74.0287982041234,40.3503326092397],[-74.0285043326349,40.3504934323721],[-74.02828542579,40.3506164575913],[-74.0281040443466,40.3507301102207],[-74.0279410846786,40.3508724144859],[-74.0278467832129,40.3509864211752],[-74.0277835981381,40.3511148301364],[-74.0277457142824,40.3511909650486],[-74.0276578243996,40.3512858913591],[-74.0275323492692,40.3514140727975],[-74.0274568784614,40.3515186037788],[-74.0274186925359,40.351632867273],[-74.0273992639022,40.3517328492308],[-74.027398498719,40.3518424615425],[-74.0274165967541,40.3519330994731],[-74.0274533856385,40.3520190096961],[-74.0275150767152,40.3521050486552],[-74.0276016377475,40.3522007423562],[-74.0276945031675,40.3522773553428],[-74.0278432849727,40.3523780799718],[-74.0280294254661,40.3524884280979],[-74.0284734473002,40.352753812589],[-74.0285753590307,40.3528147237834]]}},{"type":"Feature","id":141304,"properties":{"OBJECTID":141304,"PRIMENAME":"Unnamed Segment","ELEVTYP_F":0,"ELEVTYP_T":0},"geometry":{"type":"LineString","coordinates":[[-73.9770953132362,40.3393402720028],[-73.9769994168879,40.3393361845047],[-73.9769774163077,40.3393291842384],[-73.9769514172924,40.3393081841806],[-73.9769414166537,40.3392791839276],[-73.97694941746,40.3391301839727],[-73.9769684185502,40.3391021848906],[-73.9770044152598,40.3390851848471],[-73.9770294183395,40.3390831840669],[-73.9771034178955,40.3390911831542]]}},{"type":"Feature","id":143069,"properties":{"OBJECTID":143069,"PRIMENAME":"McCarter Avenue","ELEVTYP_F":0,"ELEVTYP_T":0},"geometry":{"type":"LineString","coordinates":[[-74.0355529025365,40.3566131368659],[-74.0351398507326,40.3568831133805],[-74.0346767928172,40.357181519776],[-74.0340323004443,40.3575888367365],[-74.0334708141747,40.3579268935375]]}},{"type":"Feature","id":144603,"properties":{"OBJECTID":144603,"PRIMENAME":"Broadmoor Drive","ELEVTYP_F":0,"ELEVTYP_T":0},"geometry":{"type":"LineString","coordinates":[[-74.0009696272588,40.3540207993842],[-74.0011246477869,40.3539974018855],[-74.0013687289142,40.3539605623008],[-74.0015370832927,40.3539422086277],[-74.0016430407942,40.3539379161021],[-74.0017426138999,40.353952674431],[-74.0018481858068,40.353995982076],[-74.0019411658334,40.3540583408759],[-74.0019966538249,40.3541395905112],[-74.002063994626,40.3542971797464],[-74.0020883121255,40.3543474388919]]}},{"type":"Feature","id":145231,"properties":{"OBJECTID":145231,"PRIMENAME":"Oak Place","ELEVTYP_F":0,"ELEVTYP_T":0},"geometry":{"type":"LineString","coordinates":[[-74.0301452233718,40.3634096998719],[-74.0300860566276,40.3633563131205],[-74.0298385115343,40.363112221125],[-74.0295662969244,40.362839478591],[-74.029535610975,40.3627726184126],[-74.0295484615913,40.3627154885075],[-74.0295736339769,40.3626822092596],[-74.0296424067085,40.3626443861327],[-74.0299857483409,40.3625504410995],[-74.0307160939497,40.362348451659],[-74.0309595088277,40.3622874807618],[-74.0310281505954,40.3622734838369],[-74.0310904498453,40.3622737364382],[-74.0311588605034,40.3622930931222],[-74.0312146168112,40.3623361990166],[-74.0313074432523,40.3624366643202],[-74.0316290786059,40.3627668130357],[-74.0316839188926,40.3628231185005]]}},{"type":"Feature","id":146441,"properties":{"OBJECTID":146441,"PRIMENAME":"Navesink Avenue","ELEVTYP_F":0,"ELEVTYP_T":0},"geometry":{"type":"LineString","coordinates":[[-73.9881388476568,40.3716955402954],[-73.9882397711704,40.3721990681182],[-73.9883930392359,40.3730097099397],[-73.988442254316,40.3732842257124],[-73.9884246726224,40.3733451450935],[-73.9884138527349,40.3733853416976]]}},{"type":"Feature","id":146456,"properties":{"OBJECTID":146456,"PRIMENAME":"South Cherry Lane","ELEVTYP_F":0,"ELEVTYP_T":0},"geometry":{"type":"LineString","coordinates":[[-74.006374184804,40.3696090600982],[-74.0064435931555,40.3695801474473],[-74.0068564463367,40.3694082215492],[-74.0069032100698,40.3693887373031]]}},{"type":"Feature","id":146468,"properties":{"OBJECTID":146468,"PRIMENAME":"Dartmouth Avenue","ELEVTYP_F":0,"ELEVTYP_T":0},"geometry":{"type":"LineString","coordinates":[[-74.0388035794628,40.3532959320443],[-74.0383145659099,40.3536073434047],[-74.0382767874462,40.3536643748775],[-74.0382328338291,40.3537166325552],[-74.037863735791,40.3539439153998],[-74.0374945012604,40.3541854709108],[-74.0374036176643,40.3542420150228]]}},{"type":"Feature","id":146908,"properties":{"OBJECTID":146908,"PRIMENAME":"Bingham Avenue","ELEVTYP_F":0,"ELEVTYP_T":0},"geometry":{"type":"LineString","coordinates":[[-73.9984332548395,40.3611286905463],[-73.9971845590567,40.3595424291261],[-73.9967958797829,40.3590307654498],[-73.996382409223,40.3584999698862],[-73.9963765788634,40.3584925600812]]}},{"type":"Feature","id":147702,"properties":{"OBJECTID":147702,"PRIMENAME":"Lennox Avenue","ELEVTYP_F":0,"ELEVTYP_T":0},"geometry":{"type":"LineString","coordinates":[[-74.0051436739225,40.3740720426983],[-74.0058353307299,40.3749972412748],[-74.0071607817692,40.3767273338006],[-74.0072342412475,40.376823206268]]}},{"type":"Feature","id":147782,"properties":{"OBJECTID":147782,"PRIMENAME":"Riverside Drive","ELEVTYP_F":0,"ELEVTYP_T":0},"geometry":{"type":"LineString","coordinates":[[-74.0303199793073,40.3472716812909],[-74.0302440226342,40.347111246086],[-74.0299862061314,40.3465668710571],[-74.0298018008892,40.346208670248],[-74.0297097656494,40.3460081164452],[-74.0296420336807,40.345893476343],[-74.0295555460331,40.345793035238],[-74.0294504306926,40.3456782159462],[-74.029326493231,40.3455871746157],[-74.0292071200735,40.3455106477114]]}},{"type":"Feature","id":147877,"properties":{"OBJECTID":147877,"PRIMENAME":"Browns Lane","ELEVTYP_F":0,"ELEVTYP_T":0},"geometry":{"type":"LineString","coordinates":[[-74.0292508331316,40.3680103084508],[-74.0291756669309,40.3679398077837],[-74.028624692043,40.3674228423029],[-74.0283587747539,40.3671358204877],[-74.0280493540889,40.3668342903221],[-74.0280019465293,40.3667875108393]]}},{"type":"Feature","id":147958,"properties":{"OBJECTID":147958,"PRIMENAME":"Robin Road","ELEVTYP_F":0,"ELEVTYP_T":0},"geometry":{"type":"LineString","coordinates":[[-73.9956893693637,40.3674686955086],[-73.9958324240648,40.3676541896519],[-73.9958674245299,40.3676921901191],[-73.9959244259946,40.367710189432],[-73.9959594241589,40.3676961901016],[-73.9959684243719,40.3676761899291],[-73.9959654251542,40.3676581891342],[-73.9959474237282,40.3676211895518],[-73.9958046465873,40.3674203785532]]}},{"type":"Feature","id":148019,"properties":{"OBJECTID":148019,"PRIMENAME":"Bingham Avenue","ELEVTYP_F":0,"ELEVTYP_T":0},"geometry":{"type":"LineString","coordinates":[[-74.0037945139323,40.368096325796],[-74.0047466977122,40.3693567892704],[-74.0049362166682,40.3696076626375],[-74.0050040854463,40.3696962381631]]}},{"type":"Feature","id":148206,"properties":{"OBJECTID":148206,"PRIMENAME":"Woodland Drive","ELEVTYP_F":0,"ELEVTYP_T":0},"geometry":{"type":"LineString","coordinates":[[-74.0269517359659,40.3667167863784],[-74.0270583149829,40.3668778978509],[-74.027267567679,40.3672505056807],[-74.0274830690912,40.3676231386422],[-74.0275569939984,40.3677426089623],[-74.0276125894412,40.3678142934525],[-74.0276745267697,40.3678669515135],[-74.0277427404417,40.3679101369393],[-74.0278670155499,40.3679583012183],[-74.0280532304515,40.3680639272858],[-74.0282020474709,40.3681646234591],[-74.0282886632939,40.368255512584],[-74.0284001200432,40.368356029092],[-74.0284546185736,40.368405197911]]}},{"type":"Feature","id":149790,"properties":{"OBJECTID":149790,"PRIMENAME":"Buena Vista Avenue","ELEVTYP_F":0,"ELEVTYP_T":0},"geometry":{"type":"LineString","coordinates":[[-74.0123409976451,40.3537448436579],[-74.0122295092892,40.353609591321],[-74.0120871272039,40.3534850730903],[-74.0112895811337,40.3526429146345],[-74.0102696287187,40.3515519457478],[-74.0099356973118,40.3512074107474],[-74.0097255890727,40.3509777363167],[-74.0094470872644,40.3507239708665],[-74.0093433664991,40.3506088142209],[-74.0091195815922,40.3503603543369],[-74.0085571449039,40.349747930419],[-74.0079080162917,40.349068426458],[-74.0074567505714,40.3485898860447],[-74.0071041927842,40.348249985531]]}},{"type":"Feature","id":149828,"properties":{"OBJECTID":149828,"PRIMENAME":"Bay Street","ELEVTYP_F":0,"ELEVTYP_T":0},"geometry":{"type":"LineString","coordinates":[[-73.9931585732431,40.3721049383226],[-73.9932168220483,40.3720816398866],[-73.9943498129355,40.3716287583238]]}},{"type":"Feature","id":150139,"properties":{"OBJECTID":150139,"PRIMENAME":"The Circle","ELEVTYP_F":0,"ELEVTYP_T":0},"geometry":{"type":"LineString","coordinates":[[-73.9848739457508,40.3397166309589],[-73.9847800445407,40.3397374599988],[-73.9847387724982,40.3397489431904]]}},{"type":"Feature","id":150277,"properties":{"OBJECTID":150277,"PRIMENAME":"Kemp Avenue","ELEVTYP_F":0,"ELEVTYP_T":0},"geometry":{"type":"LineString","coordinates":[[-74.0217378307784,40.356322698681],[-74.0220819255847,40.3566628219508],[-74.0230036049063,40.3575959815952],[-74.0231796569878,40.3577740732876],[-74.0232448610765,40.3578400345375],[-74.0232962047588,40.357891938031]]}},{"type":"Feature","id":150383,"properties":{"OBJECTID":150383,"PRIMENAME":"Woodside Drive","ELEVTYP_F":0,"ELEVTYP_T":0},"geometry":{"type":"LineString","coordinates":[[-74.0308735217283,40.3519948015677],[-74.0308982599257,40.3520235065564],[-74.0309356121546,40.3520236580437],[-74.0310231685008,40.3519763569854],[-74.0314554881562,40.3516111319351],[-74.0315420543944,40.3515376814889],[-74.0316623406961,40.3514356187603],[-74.0317815276621,40.3513074343936],[-74.0318378730492,40.3512695595583],[-74.0319065990531,40.3512364560106],[-74.032006508119,40.351208283569],[-74.0322061864588,40.3511566302494],[-74.032374689144,40.351114431664],[-74.0324683199714,40.351086233439],[-74.0325683897813,40.3510294276809],[-74.0327935632155,40.3508968943874],[-74.032864887081,40.3508459570729]]}},{"type":"Feature","id":150829,"properties":{"OBJECTID":150829,"PRIMENAME":"Conover Lane","ELEVTYP_F":0,"ELEVTYP_T":0},"geometry":{"type":"LineString","coordinates":[[-74.015934231385,40.3536974644152],[-74.0158735429533,40.3536487302326],[-74.0157124938672,40.353519389192],[-74.0154586257087,40.353308593431],[-74.0152482176454,40.3531123365213],[-74.0150995871185,40.3529877957929],[-74.0148335445728,40.3527340955885],[-74.014146869673,40.352068745542],[-74.013757281375,40.351666749656],[-74.0135532627793,40.3514514659363],[-74.0133861169435,40.3513029886915],[-74.0132435662094,40.3512022996277],[-74.0130325530776,40.3510917959877],[-74.0128277157914,40.3509908441504],[-74.0125484151336,40.3508514743503],[-74.0122815301924,40.3507121292093],[-74.0121375855058,40.3506151282661],[-74.0120893509844,40.3505826247895],[-74.0119157624993,40.3504675278444],[-74.0117485902795,40.350328602203],[-74.0115690013898,40.3501800977077],[-74.0113648914074,40.3499790561899],[-74.0112169298593,40.3497639501749],[-74.0110753147276,40.3495345945847],[-74.0109154894405,40.3492384542502],[-74.010756251291,40.3488612513318],[-74.0106767527123,40.3486559864591]]}},{"type":"Feature","id":150905,"properties":{"OBJECTID":150905,"PRIMENAME":"Wardell Avenue","ELEVTYP_F":0,"ELEVTYP_T":0},"geometry":{"type":"LineString","coordinates":[[-74.0223517532916,40.3409451241007],[-74.0225805954001,40.3411653001218],[-74.0226919349175,40.3412801514007],[-74.0227909918796,40.3413663480988],[-74.0229703810884,40.3415434113518],[-74.0230816183166,40.3416677880215],[-74.0231617840268,40.341782511203],[-74.0232358748842,40.3418733798455],[-74.0232911749928,40.3419375729525],[-74.0233223836635,40.3419737987885],[-74.0234399963189,40.342074372839],[-74.0235513358944,40.342184447122],[-74.023693648456,40.3423185044029],[-74.0237167689091,40.3423416598919]]}},{"type":"Feature","id":151720,"properties":{"OBJECTID":151720,"PRIMENAME":"Ridge Road","ELEVTYP_F":0,"ELEVTYP_T":0},"geometry":{"type":"LineString","coordinates":[[-74.0189821063613,40.3604639372595],[-74.0186458609613,40.3606745762347],[-74.0177072932706,40.3612378207997],[-74.0171253336814,40.3615928428083],[-74.0167766098522,40.3618004592548]]}},{"type":"Feature","id":152030,"properties":{"OBJECTID":152030,"PRIMENAME":"Shrewsbury Drive","ELEVTYP_F":0,"ELEVTYP_T":0},"geometry":{"type":"LineString","coordinates":[[-73.9865719461091,40.363402963808],[-73.9865702167285,40.3634038621821],[-73.986382668628,40.363493592246],[-73.9861826310609,40.3635737142496],[-73.9860013977726,40.3636491703642],[-73.9856953136145,40.3637526476999],[-73.9852832520089,40.3638652337049],[-73.9848962046876,40.3639587953956],[-73.9845404507028,40.3640429970368],[-73.9841100168499,40.3641077860707],[-73.9837795653744,40.3641444422758],[-73.9834615677254,40.3641716270116],[-73.9832059784738,40.3641895636127],[-73.9828133735089,40.364197334748],[-73.9825393057272,40.3641865826814],[-73.9821345393979,40.3641609155067],[-73.9816987335261,40.3641160834428],[-73.9814808303798,40.3640960282916],[-73.9812565738239,40.3640902735316],[-73.9810882988684,40.364094267754],[-73.9808325631711,40.3641312507449],[-73.9805642286611,40.3641872549962],[-73.9801896250596,40.364285633836],[-73.9800711235039,40.3642994034413],[-73.9800225075539,40.3643024245021]]}},{"type":"Feature","id":152253,"properties":{"OBJECTID":152253,"PRIMENAME":"Hunt Street","ELEVTYP_F":0,"ELEVTYP_T":0},"geometry":{"type":"LineString","coordinates":[[-74.0113949338029,40.3769077051801],[-74.0123263655148,40.3765203402677],[-74.0123962469848,40.376491288282]]}},{"type":"Feature","id":153061,"properties":{"OBJECTID":153061,"PRIMENAME":"Bellevue Avenue","ELEVTYP_F":0,"ELEVTYP_T":0},"geometry":{"type":"LineString","coordinates":[[-74.015310772282,40.3657034634818],[-74.0152388173796,40.3656078490464],[-74.0146764262987,40.3648637150131],[-74.0143904254267,40.3645042961812],[-74.0136639886963,40.3635531135087],[-74.0136158422464,40.363491089651]]}},{"type":"Feature","id":153757,"properties":{"OBJECTID":153757,"PRIMENAME":"Buena Vista Avenue","ELEVTYP_F":0,"ELEVTYP_T":0},"geometry":{"type":"LineString","coordinates":[[-74.0217757860113,40.36330242865],[-74.0220890028644,40.3636342162566],[-74.0222060778192,40.363755104045]]}},{"type":"Feature","id":153995,"properties":{"OBJECTID":153995,"PRIMENAME":"Blossom Road","ELEVTYP_F":0,"ELEVTYP_T":0},"geometry":{"type":"LineString","coordinates":[[-73.9951779398027,40.3687253444796],[-73.994891708107,40.3687450131309],[-73.9948043895417,40.3687589060833],[-73.9947232452624,40.3687776038771],[-73.9945919651555,40.36883423933],[-73.9942542533303,40.3689995871063],[-73.9941277420259,40.3690614864487]]}},{"type":"Feature","id":154201,"properties":{"OBJECTID":154201,"PRIMENAME":"Meadow Lane","ELEVTYP_F":0,"ELEVTYP_T":0},"geometry":{"type":"LineString","coordinates":[[-73.9803229136722,40.3703930980289],[-73.9804022726549,40.3703787128272],[-73.9814798345873,40.3701832336993],[-73.981759070191,40.3701409201632],[-73.9823919933539,40.3700218413467],[-73.9824495020211,40.370011035181]]}},{"type":"Feature","id":154835,"properties":{"OBJECTID":154835,"PRIMENAME":"Rumson Road","ELEVTYP_F":0,"ELEVTYP_T":0},"geometry":{"type":"LineString","coordinates":[[-74.0064312861183,40.3576327954363],[-74.0061544385618,40.3576372679349],[-74.0059395314357,40.3576363501072],[-74.0057619273898,40.3576427289347],[-74.0056497376699,40.357649415025],[-74.0055281840284,40.3576560321524],[-74.0054252566307,40.3576770049877],[-74.00528484937,40.3577050370219],[-74.0052376226848,40.3577201271213],[-74.0051302922458,40.3577544203679],[-74.0049710420401,40.3578073517903],[-74.0047762598936,40.3578857164883]]}},{"type":"Feature","id":155856,"properties":{"OBJECTID":155856,"PRIMENAME":"Waterman Avenue","ELEVTYP_F":0,"ELEVTYP_T":0},"geometry":{"type":"LineString","coordinates":[[-73.9816178569418,40.3595461229401],[-73.9808719439868,40.3597788632399],[-73.9803223802073,40.3599527177403],[-73.9802598284075,40.3599858182736],[-73.9802096196154,40.3600284724793],[-73.980134029629,40.3601377469851],[-73.9791706600495,40.3614583466086],[-73.9785724833532,40.3622801932562],[-73.9785298681461,40.3623383090382]]}},{"type":"Feature","id":155937,"properties":{"OBJECTID":155937,"PRIMENAME":"Linden Drive","ELEVTYP_F":0,"ELEVTYP_T":0},"geometry":{"type":"LineString","coordinates":[[-74.0314376681347,40.3615259561173],[-74.0312936006844,40.3615334205569],[-74.031207694687,40.3615378719397],[-74.0310020060049,40.3615513124127],[-74.0307276743987,40.3615788321646],[-74.0305031569215,40.3616112476748],[-74.0302910242827,40.3616533202679],[-74.0300975893776,40.3616954144017],[-74.0298791820332,40.3617469598862],[-74.0296731245909,40.361808081342],[-74.0295045622911,40.3618598558266],[-74.0292797139489,40.3619447006773],[-74.0290609714857,40.3620391231321],[-74.0288546802353,40.3621335949932],[-74.0286858511465,40.3622234709349],[-74.028466940749,40.3623417470545],[-74.0281980528279,40.3624835924096],[-74.0281000027326,40.3625358452006]]}},{"type":"Feature","id":155941,"properties":{"OBJECTID":155941,"PRIMENAME":"Park Road","ELEVTYP_F":0,"ELEVTYP_T":0},"geometry":{"type":"LineString","coordinates":[[-73.9778864170076,40.3388601842809],[-73.9772504165304,40.3388991848045],[-73.9772114152567,40.3389141845095],[-73.9771794156265,40.3389331841172],[-73.9771534165328,40.338957184235],[-73.9771204174417,40.3390121846372],[-73.9771054167212,40.3390531847144],[-73.9771034178955,40.3390911831542]]}},{"type":"Feature","id":155977,"properties":{"OBJECTID":155977,"PRIMENAME":"Fair Haven Road","ELEVTYP_F":0,"ELEVTYP_T":0},"geometry":{"type":"LineString","coordinates":[[-74.03233541006,40.3611889399897],[-74.0328078110342,40.361689703307],[-74.0331239146035,40.3620156807821]]}},{"type":"Feature","id":156193,"properties":{"OBJECTID":156193,"PRIMENAME":"Browns Dock Road","ELEVTYP_F":0,"ELEVTYP_T":0},"geometry":{"type":"LineString","coordinates":[[-74.0350976672921,40.3837551802871],[-74.0350632260551,40.3836453107826],[-74.0349679300522,40.3833413110095],[-74.034797334691,40.3827734721575],[-74.0345104500681,40.3818954266108],[-74.0343153391307,40.3812655301078],[-74.0342181496302,40.3809029403685],[-74.034177265158,40.3807775679]]}},{"type":"Feature","id":156421,"properties":{"OBJECTID":156421,"PRIMENAME":"Oak Tree Lane","ELEVTYP_F":0,"ELEVTYP_T":0},"geometry":{"type":"LineString","coordinates":[[-74.0094528032074,40.3780652216886],[-74.0094459569288,40.3780391414685],[-74.0094071880813,40.3778908748149],[-74.0094061979413,40.377882880085]]}},{"type":"Feature","id":156457,"properties":{"OBJECTID":156457,"PRIMENAME":"Buena Vista Avenue","ELEVTYP_F":0,"ELEVTYP_T":0},"geometry":{"type":"LineString","coordinates":[[-74.0260401549213,40.3677087032266],[-74.0268583917861,40.3685484562924],[-74.0272171666187,40.368921647809],[-74.027270613108,40.3689772362982]]}},{"type":"Feature","id":156487,"properties":{"OBJECTID":156487,"PRIMENAME":"Alyce Lane","ELEVTYP_F":0,"ELEVTYP_T":0},"geometry":{"type":"LineString","coordinates":[[-74.0022254929625,40.3590513522583],[-74.002302319138,40.3591594580927],[-74.0024558996531,40.3593754513377]]}},{"type":"Feature","id":156493,"properties":{"OBJECTID":156493,"PRIMENAME":"Holly Tree Lane","ELEVTYP_F":0,"ELEVTYP_T":0},"geometry":{"type":"LineString","coordinates":[[-73.9868305508017,40.371831366287],[-73.987188573709,40.3717938735536],[-73.9876282792103,40.3717478261307],[-73.9880500319761,40.3716930882853],[-73.9881388476568,40.3716955402954]]}},{"type":"Feature","id":156716,"properties":{"OBJECTID":156716,"PRIMENAME":"Hillcrest Road","ELEVTYP_F":0,"ELEVTYP_T":0},"geometry":{"type":"LineString","coordinates":[[-74.0262706666202,40.3599229951243],[-74.0257276323432,40.3602517013178]]}},{"type":"Feature","id":156763,"properties":{"OBJECTID":156763,"PRIMENAME":"Forrest Avenue","ELEVTYP_F":0,"ELEVTYP_T":0},"geometry":{"type":"LineString","coordinates":[[-74.0024508565198,40.3725711213879],[-74.0029726640496,40.3732648472674],[-74.00297696472,40.373270602868]]}},{"type":"Feature","id":156982,"properties":{"OBJECTID":156982,"PRIMENAME":"River Road","ELEVTYP_F":0,"ELEVTYP_T":0},"geometry":{"type":"LineString","coordinates":[[-74.0099605022523,40.3761886321499],[-74.0097906529839,40.3762598360976]]}},{"type":"Feature","id":157605,"properties":{"OBJECTID":157605,"PRIMENAME":"Gillespie Avenue","ELEVTYP_F":0,"ELEVTYP_T":0},"geometry":{"type":"LineString","coordinates":[[-74.0347507947084,40.3669993333396],[-74.0346041043059,40.3668441622109],[-74.0343565653203,40.3666001070314],[-74.0340533298186,40.3662986456868],[-74.0337625485624,40.3659972058236],[-74.0334283340616,40.3656765385944],[-74.0333293607426,40.3655713011162],[-74.0332682586532,40.3655062952383]]}},{"type":"Feature","id":157886,"properties":{"OBJECTID":157886,"PRIMENAME":"Oyster Bay Drive","ELEVTYP_F":0,"ELEVTYP_T":0},"geometry":{"type":"LineString","coordinates":[[-73.9853164205519,40.3592775265219],[-73.9853367440015,40.3592854129719],[-73.9853803073426,40.3592903289156],[-73.9854363948773,40.3592858563681],[-73.9855488588092,40.3592481989127],[-73.985730117247,40.359172744443],[-73.9857815792537,40.359162952647],[-73.9858343594354,40.3591544582176],[-73.9858871097967,40.3591546927137],[-73.9859358072707,40.3591593286524],[-73.9860166888509,40.3591740183352],[-73.9860911104477,40.359217228003],[-73.9861467641898,40.3592746853538],[-73.9863195338323,40.3594946831955],[-73.9867022082715,40.3599633646253],[-73.9870663538238,40.3604225742313],[-73.9872082345775,40.3606090800191],[-73.9872727319285,40.3606883654045],[-73.9873872191431,40.3608291028819],[-73.9877761975459,40.3613026685126],[-73.9883376034335,40.3620295788351],[-73.988389740775,40.3621063726486]]}},{"type":"Feature","id":158428,"properties":{"OBJECTID":158428,"PRIMENAME":"Forrest Avenue","ELEVTYP_F":0,"ELEVTYP_T":0},"geometry":{"type":"LineString","coordinates":[[-74.0019090636618,40.3718485646813],[-74.0020197328848,40.3719979388646],[-74.0024508565198,40.3725711213879]]}},{"type":"Feature","id":158794,"properties":{"OBJECTID":158794,"PRIMENAME":"Center Street","ELEVTYP_F":0,"ELEVTYP_T":0},"geometry":{"type":"LineString","coordinates":[[-73.9983737158499,40.3725154328527],[-73.9979659404462,40.3719978172629],[-73.9974526010693,40.3713511021788],[-73.9967138509952,40.3703986080909],[-73.9962069091403,40.3697566922109],[-73.9961892886994,40.3697343793834],[-73.9961079372142,40.3696313827501]]}},{"type":"Feature","id":159464,"properties":{"OBJECTID":159464,"PRIMENAME":"Oakes Road","ELEVTYP_F":0,"ELEVTYP_T":0},"geometry":{"type":"LineString","coordinates":[[-74.0273820962199,40.3403748019296],[-74.0273203836927,40.3402935397136],[-74.0272895768129,40.3402457567171],[-74.0272651423257,40.3401742000258]]}},{"type":"Feature","id":159791,"properties":{"OBJECTID":159791,"PRIMENAME":"Ridge Road","ELEVTYP_F":0,"ELEVTYP_T":0},"geometry":{"type":"LineString","coordinates":[[-74.0240391032768,40.3572070546943],[-74.0238464142681,40.3573790160185],[-74.0234576123389,40.3577396135071],[-74.0233258728639,40.3578677652971],[-74.0232962047588,40.357891938031]]}},{"type":"Feature","id":159817,"properties":{"OBJECTID":159817,"PRIMENAME":"Robin Road","ELEVTYP_F":0,"ELEVTYP_T":0},"geometry":{"type":"LineString","coordinates":[[-73.9971931949817,40.3667577724579],[-73.9972726735135,40.3668012049352],[-73.9973424971584,40.3668469686004],[-73.9973961422973,40.3668966977156],[-73.9974335595582,40.3669422925679],[-73.9974655677483,40.3669961003232],[-73.997481324722,40.3670539822355],[-73.9974917280477,40.3671076952046],[-73.9974911761733,40.3671820052072],[-73.9974799143317,40.3672438874765],[-73.9974138466049,40.3674170127928],[-73.9973148250776,40.3676684529074],[-73.9972046622141,40.3679652488093],[-73.9971385316481,40.3681466371079],[-73.9971014790585,40.3682112901567]]}},{"type":"Feature","id":159972,"properties":{"OBJECTID":159972,"PRIMENAME":"Bingham Avenue","ELEVTYP_F":0,"ELEVTYP_T":0},"geometry":{"type":"LineString","coordinates":[[-74.0114513377539,40.3781777983501],[-74.0115630423061,40.3783148540342]]}},{"type":"Feature","id":160401,"properties":{"OBJECTID":160401,"PRIMENAME":"Rumson Road","ELEVTYP_F":0,"ELEVTYP_T":0},"geometry":{"type":"LineString","coordinates":[[-74.0137661050847,40.3552441763031],[-74.0136189258237,40.3553419173868],[-74.0134874971062,40.3554199859039],[-74.0133139832425,40.355512208319],[-74.0130044507095,40.3556717730948],[-74.0126714035165,40.3558526508958],[-74.0123805886502,40.3560086965603],[-74.0122313237628,40.35609948216],[-74.012141271079,40.3561542527008],[-74.0118298126981,40.3563511957331]]}},{"type":"Feature","id":160798,"properties":{"OBJECTID":160798,"PRIMENAME":"Atlantic Way","ELEVTYP_F":0,"ELEVTYP_T":0},"geometry":{"type":"LineString","coordinates":[[-73.975897872396,40.380535594167],[-73.975174723434,40.3805628977258],[-73.9746989590652,40.3805808579694],[-73.9746103393469,40.3805841885567]]}},{"type":"Feature","id":161315,"properties":{"OBJECTID":161315,"PRIMENAME":"Park Lane","ELEVTYP_F":0,"ELEVTYP_T":0},"geometry":{"type":"LineString","coordinates":[[-74.0308209633429,40.364055639434],[-74.0309289398801,40.3640055114125],[-74.0315289809715,40.3637267817776],[-74.0318477475705,40.363580299539],[-74.0323227879056,40.3633582418777],[-74.0325228004716,40.3632684866893],[-74.0325854288114,40.3632210567797],[-74.0326168420368,40.3631830799917],[-74.0326171383659,40.3631401742908],[-74.0325076264452,40.3627584528979],[-74.032434550572,40.3625103223982],[-74.0323977887752,40.3624291640267],[-74.0323700731248,40.3623996232709]]}},{"type":"Feature","id":162039,"properties":{"OBJECTID":162039,"PRIMENAME":"Narumson Street","ELEVTYP_F":0,"ELEVTYP_T":0},"geometry":{"type":"LineString","coordinates":[[-74.00297696472,40.373270602868],[-74.0030434500474,40.3732348996564],[-74.0034709709413,40.3730051527792],[-74.0039554206691,40.3727503106167],[-74.0040814714866,40.3726823588486]]}},{"type":"Feature","id":162292,"properties":{"OBJECTID":162292,"PRIMENAME":"Buena Vista Avenue","ELEVTYP_F":0,"ELEVTYP_T":0},"geometry":{"type":"LineString","coordinates":[[-74.0234750758241,40.3650652338349],[-74.0236972636687,40.3652946300075],[-74.0237331805738,40.3653314532107]]}},{"type":"Feature","id":162392,"properties":{"OBJECTID":162392,"PRIMENAME":"Linden Drive","ELEVTYP_F":0,"ELEVTYP_T":0},"geometry":{"type":"LineString","coordinates":[[-74.0265959642182,40.3629972846727],[-74.0265308092335,40.3630153560621],[-74.0264244406127,40.3630816288896],[-74.0260547180239,40.3633851036616],[-74.025822915147,40.3635700302295],[-74.0256162786435,40.3637074026471],[-74.0255317845361,40.3637604221596]]}},{"type":"Feature","id":162553,"properties":{"OBJECTID":162553,"PRIMENAME":"Seacrest Road","ELEVTYP_F":0,"ELEVTYP_T":0},"geometry":{"type":"LineString","coordinates":[[-73.9748893316432,40.3425797947587],[-73.9751637210489,40.3426115667647],[-73.9751955422772,40.3426164945029],[-73.9754331206672,40.3426532802878],[-73.9762172363099,40.3427747946012]]}},{"type":"Feature","id":163028,"properties":{"OBJECTID":163028,"PRIMENAME":"Windmill Lane","ELEVTYP_F":0,"ELEVTYP_T":0},"geometry":{"type":"LineString","coordinates":[[-73.9865195055212,40.3690463496009],[-73.9865039223143,40.3691039019828],[-73.9863388707078,40.3697132841395],[-73.9862871667001,40.3699041734791],[-73.9861466641381,40.3704130819229]]}},{"type":"Feature","id":164199,"properties":{"OBJECTID":164199,"PRIMENAME":"Bellevue Avenue","ELEVTYP_F":0,"ELEVTYP_T":0},"geometry":{"type":"LineString","coordinates":[[-74.0136158422464,40.363491089651],[-74.013246853006,40.3630158008514],[-74.0123946048882,40.3619133974791]]}},{"type":"Feature","id":165412,"properties":{"OBJECTID":165412,"PRIMENAME":"Edwards Point Road","ELEVTYP_F":0,"ELEVTYP_T":0},"geometry":{"type":"LineString","coordinates":[[-74.0008575188032,40.3573993626204],[-74.000760806724,40.3574524005083],[-74.0005384690554,40.3575743358957],[-74.0003884149725,40.3576451722897],[-74.0002884835489,40.3576780942934],[-74.0001701045362,40.3576871089256],[-74.0000580033897,40.3576770982503],[-73.9999523216679,40.357648036779],[-73.9998406080786,40.3575903715423],[-73.9997663192003,40.3575233148885],[-73.9996925600283,40.3573895521264],[-73.9994528005096,40.3569548307298],[-73.9993234864814,40.3567493157585],[-73.9992829376046,40.3566764479484]]}},{"type":"Feature","id":166031,"properties":{"OBJECTID":166031,"PRIMENAME":"Unnamed Segment","ELEVTYP_F":0,"ELEVTYP_T":0},"geometry":{"type":"LineString","coordinates":[[-74.0151835390619,40.3566156631196],[-74.0149394303121,40.3567621866655],[-74.0148364310409,40.35683418666],[-74.0147048314038,40.3569155215749],[-74.0145950575338,40.3569579543353],[-74.0145066451531,40.3570004766611],[-74.0144654302262,40.3570271871244],[-74.0144384285072,40.3570391856976],[-74.01435254104,40.3570736973235]]}},{"type":"Feature","id":166224,"properties":{"OBJECTID":166224,"PRIMENAME":"South Woodland Drive","ELEVTYP_F":0,"ELEVTYP_T":0},"geometry":{"type":"LineString","coordinates":[[-74.022650322257,40.3628208306906],[-74.0227433700346,40.3629187513166],[-74.0231206212566,40.3633158884366],[-74.0231404826742,40.3633341670291],[-74.0232506249006,40.3634355378554],[-74.0233994244105,40.3635362672087],[-74.0234987159897,40.3635938584996],[-74.0236229465145,40.3636468033121],[-74.0237409342489,40.3637044714021],[-74.0238714436616,40.3637526656652],[-74.0239768761787,40.3638198070821],[-74.0240761715716,40.3638821749301],[-74.0242184604916,40.3640209801602],[-74.0243485006216,40.3641359063869],[-74.0243792489841,40.3641932429197],[-74.0243792308486,40.3641958232023]]}},{"type":"Feature","id":166522,"properties":{"OBJECTID":166522,"PRIMENAME":"Hendrickson Place","ELEVTYP_F":0,"ELEVTYP_T":0},"geometry":{"type":"LineString","coordinates":[[-74.035723156809,40.3576510769325],[-74.0354079280635,40.3578368255686],[-74.0350695361366,40.3580504958271],[-74.0347480132308,40.3582687902297]]}},{"type":"Feature","id":166617,"properties":{"OBJECTID":166617,"PRIMENAME":"Hance Road","ELEVTYP_F":0,"ELEVTYP_T":0},"geometry":{"type":"LineString","coordinates":[[-74.0347938780464,40.349605740689],[-74.0350496166919,40.349838408263],[-74.0351857599671,40.3499723994691],[-74.0355387339295,40.3502788353793],[-74.0361700143419,40.3508771021962],[-74.0369126824483,40.3515854531361],[-74.0376754045078,40.3522600608855]]}},{"type":"Feature","id":167697,"properties":{"OBJECTID":167697,"PRIMENAME":"Oak Place","ELEVTYP_F":0,"ELEVTYP_T":0},"geometry":{"type":"LineString","coordinates":[[-74.0308209633429,40.364055639434],[-74.0306307981553,40.3638684705305],[-74.0304946715821,40.3637344743211],[-74.0304018159896,40.3636483105659],[-74.0303461217014,40.3635909292622],[-74.0302230942447,40.3634799479543],[-74.0301452233718,40.3634096998719]]}},{"type":"Feature","id":167780,"properties":{"OBJECTID":167780,"PRIMENAME":"Washington Street","ELEVTYP_F":0,"ELEVTYP_T":0},"geometry":{"type":"LineString","coordinates":[[-74.0070183062085,40.3711086422294],[-74.007056583948,40.371160497113],[-74.0072439922229,40.3714145936699],[-74.0078437790915,40.372209624916],[-74.0082327849925,40.3727179024507],[-74.0084905014077,40.3730627766342],[-74.0091840478319,40.3739848345864],[-74.0092313703055,40.3740471034631]]}},{"type":"Feature","id":168794,"properties":{"OBJECTID":168794,"PRIMENAME":"Bingham Avenue","ELEVTYP_F":0,"ELEVTYP_T":0},"geometry":{"type":"LineString","coordinates":[[-73.9963765788634,40.3584925600812],[-73.9955924165226,40.3575004378404],[-73.9955522192721,40.3574483230176]]}},{"type":"Feature","id":169518,"properties":{"OBJECTID":169518,"PRIMENAME":"Navesink Avenue","ELEVTYP_F":0,"ELEVTYP_T":0},"geometry":{"type":"LineString","coordinates":[[-73.9870536356766,40.3658172347559],[-73.9872111382038,40.3666858480983],[-73.9872266760329,40.3667666635995],[-73.9874357152347,40.3678539010536],[-73.9875014664075,40.3682198757734]]}},{"type":"Feature","id":169531,"properties":{"OBJECTID":169531,"PRIMENAME":"Ridge Road","ELEVTYP_F":0,"ELEVTYP_T":0},"geometry":{"type":"LineString","coordinates":[[-74.0113598415975,40.364616601842],[-74.0106650059387,40.364963811618],[-74.0101271693813,40.3652427241998],[-74.0097269699414,40.3654364302127],[-74.0094832148932,40.3655450117677],[-74.009152248152,40.3656436965484],[-74.008546303687,40.3658603534915],[-74.007634465916,40.3661614920572],[-74.0069348483385,40.3663967930872],[-74.0066662466361,40.3664909874781],[-74.0065699200957,40.3665303536379]]}},{"type":"Feature","id":169591,"properties":{"OBJECTID":169591,"PRIMENAME":"Waterman Avenue","ELEVTYP_F":0,"ELEVTYP_T":0},"geometry":{"type":"LineString","coordinates":[[-73.9785298681461,40.3623383090382],[-73.9782072185376,40.3627789375164],[-73.9781755911891,40.3628407530588],[-73.9781437065789,40.3629359220071],[-73.9781173682654,40.3631216796698],[-73.9781091371533,40.3631837925998]]}},{"type":"Feature","id":170285,"properties":{"OBJECTID":170285,"PRIMENAME":"Willow Street","ELEVTYP_F":0,"ELEVTYP_T":0},"geometry":{"type":"LineString","coordinates":[[-74.0319146827511,40.3649494002131],[-74.0328882448707,40.364485255966],[-74.0346320964765,40.3636821004786],[-74.0347192570623,40.3636419598036]]}},{"type":"Feature","id":170893,"properties":{"OBJECTID":170893,"PRIMENAME":"Bellevue Avenue","ELEVTYP_F":0,"ELEVTYP_T":0},"geometry":{"type":"LineString","coordinates":[[-74.0102291968628,40.35905483095],[-74.0098541844119,40.3585505172526],[-74.0094042931762,40.3579660268742],[-74.0090343353523,40.3574542366838],[-74.0089907489911,40.3573978853818]]}},{"type":"Feature","id":170996,"properties":{"OBJECTID":170996,"PRIMENAME":"Tuxedo Road","ELEVTYP_F":0,"ELEVTYP_T":0},"geometry":{"type":"LineString","coordinates":[[-73.9933529345467,40.3561328538406],[-73.9932158345762,40.356231848734],[-73.9931153665321,40.3563362466877],[-73.9930460805021,40.3564360330126],[-73.9930016260051,40.3565549786699],[-73.9929758312306,40.3566692578894],[-73.9929873895868,40.3567884490722],[-73.9930051922041,40.3569076685244],[-73.9930604210111,40.3570175249582],[-73.9931528263996,40.3571513736505],[-73.9935601623784,40.3576678795853],[-73.9938501566712,40.3580456786827],[-73.9950903768946,40.3596572232341],[-73.9955777400959,40.3603027378367],[-73.9968365273742,40.3619429487344],[-73.9968760861749,40.3619944829839]]}},{"type":"Feature","id":171011,"properties":{"OBJECTID":171011,"PRIMENAME":"Cedar Avenue","ELEVTYP_F":0,"ELEVTYP_T":0},"geometry":{"type":"LineString","coordinates":[[-73.9931585732431,40.3721049383226],[-73.9929920320782,40.371693063254]]}},{"type":"Feature","id":171374,"properties":{"OBJECTID":171374,"PRIMENAME":"Brooks Terrace","ELEVTYP_F":0,"ELEVTYP_T":0},"geometry":{"type":"LineString","coordinates":[[-74.0265186371354,40.3647653046838],[-74.0265996040429,40.3647599260214],[-74.0273476151943,40.3647105802909]]}},{"type":"Feature","id":172092,"properties":{"OBJECTID":172092,"PRIMENAME":"Prince Place","ELEVTYP_F":0,"ELEVTYP_T":0},"geometry":{"type":"LineString","coordinates":[[-74.037898604378,40.337599736685],[-74.0379633224417,40.3376625581487],[-74.0386934185281,40.3383708227322],[-74.0387366475877,40.3384234284156],[-74.0387548831799,40.3384902367842],[-74.0387544612619,40.3385521936916],[-74.0387166916862,40.3386092255051],[-74.0386602995964,40.3386614338926],[-74.0385039220728,40.3387561234441],[-74.0375785041894,40.3392909798864],[-74.0374939349206,40.3393398354012]]}},{"type":"Feature","id":172502,"properties":{"OBJECTID":172502,"PRIMENAME":"North Street","ELEVTYP_F":0,"ELEVTYP_T":0},"geometry":{"type":"LineString","coordinates":[[-74.0024508565198,40.3725711213879],[-74.0023740133048,40.3726047757563],[-74.0007003466399,40.3733377987236],[-74.0006165877372,40.3733745238846]]}},{"type":"Feature","id":172760,"properties":{"OBJECTID":172760,"PRIMENAME":"Beechwood Place","ELEVTYP_F":0,"ELEVTYP_T":0},"geometry":{"type":"LineString","coordinates":[[-74.0267924209444,40.3573759805056],[-74.0268266270303,40.3573646461794],[-74.0268827916058,40.3573535926072],[-74.026953610556,40.3573561339041],[-74.0269592295603,40.3573575276742],[-74.0270184130311,40.3573722107304],[-74.0270684046116,40.3573972595715],[-74.0271828461034,40.3574993261218],[-74.0274027894332,40.3576989218058],[-74.0278952855433,40.3581909215134],[-74.027997939445,40.3583382868199],[-74.0280735374671,40.358446813721]]}},{"type":"Feature","id":172847,"properties":{"OBJECTID":172847,"PRIMENAME":"River Road","ELEVTYP_F":0,"ELEVTYP_T":0},"geometry":{"type":"LineString","coordinates":[[-74.0124650305364,40.3751404585879],[-74.0124390008702,40.3751513295306],[-74.0116532045098,40.3754799057248]]}},{"type":"Feature","id":173425,"properties":{"OBJECTID":173425,"PRIMENAME":"Allencrest Road","ELEVTYP_F":0,"ELEVTYP_T":0},"geometry":{"type":"LineString","coordinates":[[-74.0102291968628,40.35905483095],[-74.0101344335484,40.3590434489093],[-74.0097235791614,40.358994051078],[-74.009648831924,40.3589937341964],[-74.0095926766929,40.359007799304],[-74.0094551836473,40.3590643984138],[-74.0079486509619,40.3597633733304],[-74.0073047046792,40.3600703982777]]}},{"type":"Feature","id":173742,"properties":{"OBJECTID":173742,"PRIMENAME":"Black Point Road","ELEVTYP_F":0,"ELEVTYP_T":0},"geometry":{"type":"LineString","coordinates":[[-73.9896610590764,40.3733863228499],[-73.9899501874922,40.3734041513522],[-73.9904054530131,40.3734235903561],[-73.9910828895578,40.3734439784454],[-73.9914152437166,40.3734605110328]]}},{"type":"Feature","id":174768,"properties":{"OBJECTID":174768,"PRIMENAME":"Wood Lane","ELEVTYP_F":0,"ELEVTYP_T":0},"geometry":{"type":"LineString","coordinates":[[-73.9896610590764,40.3733863228499],[-73.9896602460358,40.3733419021003],[-73.989656250313,40.3731197995547],[-73.9896343133298,40.3730064374923],[-73.9896163990481,40.372949889723],[-73.9895774452171,40.3729035993176],[-73.9895559121135,40.3728319371342],[-73.9895180071338,40.3725705121874],[-73.9894742028747,40.3723395039176]]}},{"type":"Feature","id":174831,"properties":{"OBJECTID":174831,"PRIMENAME":"Ice House Road","ELEVTYP_F":0,"ELEVTYP_T":0},"geometry":{"type":"LineString","coordinates":[[-73.9769894251414,40.340113548827],[-73.9769698500738,40.3401283516765],[-73.9769117927525,40.3401575998668],[-73.9767718861084,40.3401938073081],[-73.9760333324992,40.3404005535251],[-73.9758788447885,40.3404477574262],[-73.9758016727239,40.340462149569],[-73.9757438795303,40.3404618876417],[-73.9756812783788,40.3404616038915],[-73.9756236277999,40.3404429224398],[-73.9755604558649,40.3404277356692],[-73.9754986185503,40.3404128719451],[-73.9754119174042,40.3404161570228],[-73.9752385860037,40.3404043080948],[-73.9751692032788,40.3403995738073]]}},{"type":"Feature","id":174888,"properties":{"OBJECTID":174888,"PRIMENAME":"Dogwood Lane","ELEVTYP_F":0,"ELEVTYP_T":0},"geometry":{"type":"LineString","coordinates":[[-74.0307898673133,40.3596118033167],[-74.0305356992573,40.3597638191973]]}},{"type":"Feature","id":175360,"properties":{"OBJECTID":175360,"PRIMENAME":"Highland Avenue","ELEVTYP_F":0,"ELEVTYP_T":0},"geometry":{"type":"LineString","coordinates":[[-73.9969066087294,40.3745803768685],[-73.9944524361861,40.3743557981426],[-73.9943388025463,40.3743454185516]]}},{"type":"Feature","id":175828,"properties":{"OBJECTID":175828,"PRIMENAME":"Clay Street","ELEVTYP_F":0,"ELEVTYP_T":0},"geometry":{"type":"LineString","coordinates":[[-74.0347507947084,40.3669993333396],[-74.0348089277279,40.3669641266841],[-74.0356536196522,40.3664528278597],[-74.0357114202131,40.3664187452211]]}},{"type":"Feature","id":175932,"properties":{"OBJECTID":175932,"PRIMENAME":"Heathcliff Road","ELEVTYP_F":0,"ELEVTYP_T":0},"geometry":{"type":"LineString","coordinates":[[-74.0064312861183,40.3576327954363],[-74.0063451411587,40.3574586845056],[-74.0062186783802,40.3572926396193],[-74.0060254689241,40.3570389501905],[-74.0059326528843,40.3569170832116],[-74.0058312924586,40.3568563111992]]}},{"type":"Feature","id":176192,"properties":{"OBJECTID":176192,"PRIMENAME":"Rumson Road","ELEVTYP_F":0,"ELEVTYP_T":0},"geometry":{"type":"LineString","coordinates":[[-73.9870536356766,40.3658172347559],[-73.987009924254,40.3658216521904],[-73.9869257857249,40.3658284165819],[-73.9867996037605,40.3658278567258],[-73.9866454747005,40.3658164387717],[-73.9864586425989,40.3658013349588],[-73.986183115906,40.3657786433597],[-73.9858422188662,40.3657485516967],[-73.9854919915122,40.3657183616813],[-73.9851861330463,40.3656916347645]]}},{"type":"Feature","id":177390,"properties":{"OBJECTID":177390,"PRIMENAME":"Pine Tree Lane","ELEVTYP_F":0,"ELEVTYP_T":0},"geometry":{"type":"LineString","coordinates":[[-74.0257396997789,40.367399023982],[-74.025802539536,40.3673636493274],[-74.0268784840199,40.3667580219149],[-74.0269517359659,40.3667167863784]]}},{"type":"Feature","id":177489,"properties":{"OBJECTID":177489,"PRIMENAME":"Rumson Road","ELEVTYP_F":0,"ELEVTYP_T":0},"geometry":{"type":"LineString","coordinates":[[-73.977594380295,40.3650828429426],[-73.9768379226674,40.3650175112546],[-73.9768392607537,40.3650086126101]]}},{"type":"Feature","id":177867,"properties":{"OBJECTID":177867,"PRIMENAME":"Hartshorne Lane","ELEVTYP_F":0,"ELEVTYP_T":0},"geometry":{"type":"LineString","coordinates":[[-73.9798201244712,40.3686811936514],[-73.9798754416488,40.3686533080501],[-73.980156248011,40.3686009569142]]}},{"type":"Feature","id":178446,"properties":{"OBJECTID":178446,"PRIMENAME":"Somerset Drive","ELEVTYP_F":0,"ELEVTYP_T":0},"geometry":{"type":"LineString","coordinates":[[-74.0093064463644,40.369854707117],[-74.009322950612,40.3698384772318],[-74.0093925528333,40.3698133796744],[-74.0094183009311,40.3698040969519],[-74.0094320586834,40.3697991351041],[-74.0095129083803,40.3697415826321],[-74.0096081174362,40.3696587521868],[-74.0097128117716,40.3695795860777],[-74.0097841594496,40.3695256164332],[-74.0098412161633,40.3694824290663],[-74.0099124416729,40.3694501734256],[-74.0100072840051,40.3694180178041],[-74.0101067849762,40.3693966968093],[-74.0102204443219,40.3693827111178],[-74.0103102612928,40.3693903389656],[-74.0104237374417,40.3694016631851],[-74.0105322944688,40.3694383043801],[-74.0106313241428,40.3694821238457],[-74.0107160457252,40.3695440298327],[-74.0108712682922,40.3696641014317],[-74.0110264586827,40.3697986397789],[-74.0110534457815,40.3698204135402],[-74.0111346858449,40.3698859548215],[-74.0112098196033,40.3699586357855],[-74.0112941764736,40.3700711876916],[-74.0115800952345,40.3704378610075],[-74.0117207366911,40.3706193894655],[-74.0118566144445,40.3708045209438],[-74.0118847171076,40.3708444445512],[-74.0119130025973,40.3708590310226],[-74.0119365506197,40.370865156631],[-74.0119554901367,40.3708700811379],[-74.0120075840285,40.3708630264388],[-74.012149886824,40.370809382645],[-74.0126384885714,40.3706341314349],[-74.0127238131076,40.3706127763723],[-74.0127899950546,40.3706130552033],[-74.0128752350016,40.3706134142718],[-74.0130217177324,40.3706321224716],[-74.013220304387,40.3706474256043],[-74.0133054725547,40.3706477840536],[-74.013390744776,40.370633675785],[-74.0134713319566,40.3706123002374],[-74.0137562050713,40.3704723687361],[-74.0146358488376,40.3700387005749],[-74.0147532816981,40.3699808044079]]}},{"type":"Feature","id":179019,"properties":{"OBJECTID":179019,"PRIMENAME":"Parmly Street","ELEVTYP_F":0,"ELEVTYP_T":0},"geometry":{"type":"LineString","coordinates":[[-73.998036675536,40.3739289433755],[-73.9980886531042,40.37387522657],[-73.998979809844,40.3734784599161],[-73.9990560894103,40.3734436795634]]}},{"type":"Feature","id":179060,"properties":{"OBJECTID":179060,"PRIMENAME":"Sailers Way East","ELEVTYP_F":0,"ELEVTYP_T":0},"geometry":{"type":"LineString","coordinates":[[-74.0055433524064,40.3528335220865],[-74.0056070740412,40.3528046404545],[-74.0057945690365,40.3527196278543],[-74.0059820996617,40.3526346691393],[-74.0062447854909,40.3524880446661],[-74.0065826284755,40.3522893350359],[-74.0067891276878,40.3521662710753],[-74.0068401227774,40.3521358790387]]}},{"type":"Feature","id":180163,"properties":{"OBJECTID":180163,"PRIMENAME":"Rumson Road","ELEVTYP_F":0,"ELEVTYP_T":0},"geometry":{"type":"LineString","coordinates":[[-74.0221464163989,40.3511668415245],[-74.0215572835175,40.351364475581],[-74.0208173691935,40.3516080672688],[-74.0202054181006,40.3518144388542]]}},{"type":"Feature","id":180165,"properties":{"OBJECTID":180165,"PRIMENAME":"River Road","ELEVTYP_F":0,"ELEVTYP_T":0},"geometry":{"type":"LineString","coordinates":[[-74.0116532045098,40.3754799057248],[-74.0107013530603,40.3758779407284],[-74.0106349268977,40.3759058246664]]}},{"type":"Feature","id":180462,"properties":{"OBJECTID":180462,"PRIMENAME":"Navesink River Road","ELEVTYP_F":0,"ELEVTYP_T":0},"geometry":{"type":"LineString","coordinates":[[-74.034177265158,40.3807775679],[-74.0339362864153,40.3808247472923],[-74.0334744354201,40.3809182255942],[-74.0329751469932,40.3810162711477],[-74.0325320963851,40.3811002954719],[-74.032126519472,40.3811796377498],[-74.0318332101305,40.3812356606142],[-74.0316458629081,40.3812873069835],[-74.0314584195377,40.3813580598581],[-74.0312396192614,40.3814572619137],[-74.0310394520169,40.3815612882205],[-74.0308516437281,40.3816844435953],[-74.0306886807061,40.3818172256224],[-74.0304820024243,40.3819641321891],[-74.0302130080938,40.3821107843439],[-74.0296685991298,40.3824231138039],[-74.0293933545799,40.3825697395148],[-74.0291119650336,40.3827068134159],[-74.0287242740296,40.3828911093178],[-74.0286632639163,40.3829130471667],[-74.0281869298457,40.3830843195558],[-74.0276677557074,40.3833586118489],[-74.0271410349601,40.3836131882313],[-74.0271299381814,40.3836185503303],[-74.0267734619716,40.3837933871188],[-74.0264669770506,40.3839446820064],[-74.0262481633888,40.3840485965764],[-74.0259982183889,40.3841381628423],[-74.0257608991072,40.3842086740572],[-74.0254736512605,40.3842885060388],[-74.0252301510001,40.3843494646738],[-74.0250241907089,40.3843915256436],[-74.0248494890867,40.3844194403627],[-74.024637516396,40.3844280674086],[-74.0243942842449,40.384450895671],[-74.0241448740789,40.3844689209779],[-74.0238515440287,40.3845249234467],[-74.0234520431204,40.3846138133642],[-74.0232370070328,40.3846647555345]]}},{"type":"Feature","id":180584,"properties":{"OBJECTID":180584,"PRIMENAME":"Willowbrook Road","ELEVTYP_F":0,"ELEVTYP_T":0},"geometry":{"type":"LineString","coordinates":[[-74.0052542202661,40.3612619202307],[-74.0053143953917,40.3613218032476],[-74.0053885197913,40.3614126840577],[-74.0054564330333,40.3614939850843],[-74.0055364525046,40.3616277978868],[-74.0055794266825,40.3617137683512],[-74.0056159144343,40.3618378138946],[-74.005670611311,40.3620286734833]]}},{"type":"Feature","id":180711,"properties":{"OBJECTID":180711,"PRIMENAME":"Bellevue Avenue","ELEVTYP_F":0,"ELEVTYP_T":0},"geometry":{"type":"LineString","coordinates":[[-74.0048089131377,40.3518819463644],[-74.0039882932605,40.3508394864001]]}},{"type":"Feature","id":181380,"properties":{"OBJECTID":181380,"PRIMENAME":"Pond Road","ELEVTYP_F":0,"ELEVTYP_T":0},"geometry":{"type":"LineString","coordinates":[[-73.9837015731957,40.3685903209097],[-73.9837176833899,40.3686473272078],[-73.9839172304839,40.3693537006348],[-73.9840305196197,40.3697030085126],[-73.9841675709432,40.3701255808592],[-73.9842287596941,40.3703515017174],[-73.98432815298,40.3707184864063]]}},{"type":"Feature","id":181575,"properties":{"OBJECTID":181575,"PRIMENAME":"North Ward Avenue","ELEVTYP_F":0,"ELEVTYP_T":0},"geometry":{"type":"LineString","coordinates":[[-73.9803229136722,40.3703930980289],[-73.9802502215634,40.3701563021649],[-73.9801166734081,40.3696981357141],[-73.9801125740806,40.3696854623035],[-73.9798062698424,40.3687387835215],[-73.9798191988975,40.3686816596258],[-73.9798201244712,40.3686811936514]]}},{"type":"Feature","id":181896,"properties":{"OBJECTID":181896,"PRIMENAME":"West Street","ELEVTYP_F":0,"ELEVTYP_T":0},"geometry":{"type":"LineString","coordinates":[[-74.0019090636618,40.3718485646813],[-74.0018384509094,40.371879582321],[-74.0001705013307,40.3726126772977],[-74.0000672620245,40.3726580478363]]}},{"type":"Feature","id":181971,"properties":{"OBJECTID":181971,"PRIMENAME":"Rumson Road","ELEVTYP_F":0,"ELEVTYP_T":0},"geometry":{"type":"LineString","coordinates":[[-73.9951698347089,40.3629469826579],[-73.9947494974402,40.363185597564],[-73.9941113198408,40.3635438261702],[-73.993628035911,40.3638098051846],[-73.9932808832104,40.3639834273453],[-73.9924132572413,40.3644085570101],[-73.9917331832217,40.3647415802135],[-73.9914048889542,40.3648974080286],[-73.9912407852574,40.3649717399005],[-73.9911000885518,40.3650354676405],[-73.9909908243688,40.3650749854516],[-73.9909829529062,40.3650778319785],[-73.9908687999493,40.3651195230346]]}},{"type":"Feature","id":182289,"properties":{"OBJECTID":182289,"PRIMENAME":"Fair Haven Road","ELEVTYP_F":0,"ELEVTYP_T":0},"geometry":{"type":"LineString","coordinates":[[-74.0375984943665,40.3665386658668],[-74.0376712697708,40.3666134052916],[-74.0381080991352,40.3670683253355]]}},{"type":"Feature","id":184492,"properties":{"OBJECTID":184492,"PRIMENAME":"Thornton Way","ELEVTYP_F":0,"ELEVTYP_T":0},"geometry":{"type":"LineString","coordinates":[[-74.0037383160449,40.3541181143757],[-74.0036973404523,40.3541373745681],[-74.0031847437054,40.3543782329915],[-74.003109755185,40.3544065154773],[-74.0030350498294,40.3544109715531],[-74.0022006430645,40.3543549501841],[-74.0020883121255,40.3543474388919]]}},{"type":"Feature","id":185873,"properties":{"OBJECTID":185873,"PRIMENAME":"Queens Drive","ELEVTYP_F":0,"ELEVTYP_T":0},"geometry":{"type":"LineString","coordinates":[[-74.0378246602411,40.3400191648056],[-74.037909328386,40.3400977139211],[-74.0382126972401,40.340370617117],[-74.0384972076395,40.3406577196047],[-74.0385838348751,40.340743852323],[-74.0386332108883,40.3408107578834],[-74.0386824233339,40.3409015183436],[-74.038698410731,40.3410036755294],[-74.0386873972975,40.3410826386131],[-74.0386619793682,40.3411588260761],[-74.0386053876422,40.341234834247],[-74.0385487336513,40.3413251444958],[-74.038510637416,40.3414298590327],[-74.0385104275417,40.341460658695]]}},{"type":"Feature","id":186244,"properties":{"OBJECTID":186244,"PRIMENAME":"Bay Street","ELEVTYP_F":0,"ELEVTYP_T":0},"geometry":{"type":"LineString","coordinates":[[-73.9943498129355,40.3716287583238],[-73.994553138569,40.3715475117913],[-73.9956895174446,40.3710952091524],[-73.9957593190818,40.3710674304549]]}},{"type":"Feature","id":186759,"properties":{"OBJECTID":186759,"PRIMENAME":"Minton Lane","ELEVTYP_F":0,"ELEVTYP_T":0},"geometry":{"type":"LineString","coordinates":[[-74.0326142230316,40.3662642612297],[-74.0328831221589,40.3661318769692],[-74.032920745385,40.3660938981819],[-74.0329397036885,40.3660510957888],[-74.0329337582707,40.3660129410379],[-74.0328968260074,40.3659508326915],[-74.032716574969,40.3657607144487]]}},{"type":"Feature","id":187186,"properties":{"OBJECTID":187186,"PRIMENAME":"East River Road","ELEVTYP_F":0,"ELEVTYP_T":0},"geometry":{"type":"LineString","coordinates":[[-74.0013586509976,40.3743325252444],[-74.0012231345216,40.374164595387],[-74.0010328259582,40.3739166812564]]}},{"type":"Feature","id":190601,"properties":{"OBJECTID":190601,"PRIMENAME":"Black Point Road","ELEVTYP_F":0,"ELEVTYP_T":0},"geometry":{"type":"LineString","coordinates":[[-73.9996280205208,40.3720739514427],[-74.0007989109964,40.3715572084742],[-74.0014805421974,40.3712694623422]]}},{"type":"Feature","id":190993,"properties":{"OBJECTID":190993,"PRIMENAME":"Rumson Road","ELEVTYP_F":0,"ELEVTYP_T":0},"geometry":{"type":"LineString","coordinates":[[-74.0394998825922,40.3429501366122],[-74.039321045171,40.3430437488489],[-74.0390726124901,40.3431678848873],[-74.0388382193454,40.3432848837587],[-74.0387544336272,40.3433252420269],[-74.0378961450411,40.3437386658049],[-74.037231528364,40.3440623571068]]}},{"type":"Feature","id":191533,"properties":{"OBJECTID":191533,"PRIMENAME":"South Rohallion Drive","ELEVTYP_F":0,"ELEVTYP_T":0},"geometry":{"type":"LineString","coordinates":[[-74.0104619110905,40.359367806307],[-74.0103623004527,40.3594113894387],[-74.0090997468722,40.3599636668614],[-74.0084371764783,40.3602658699386],[-74.0082619781627,40.3603699633642],[-74.0080928475383,40.360493161666],[-74.0079736321602,40.3606118229588],[-74.0078917042083,40.3607401410256],[-74.0078281243559,40.3609161940219],[-74.0078021448262,40.3610590794076],[-74.0078136259615,40.3611925719317],[-74.0078625354137,40.3613214737033],[-74.0079426279342,40.3614457049672],[-74.0080661164533,40.3616035294121],[-74.0082328931749,40.3617996406175],[-74.008344101598,40.3619287800338],[-74.0084181595522,40.3620244347555],[-74.0084797304678,40.3621247584595],[-74.0085535831212,40.3622537659245],[-74.0086025640914,40.3623731153925],[-74.0086267422024,40.3624733071509],[-74.0086385020251,40.3625686700067],[-74.008633268518,40.3626083906731],[-74.0086253234519,40.3626687030455],[-74.0086187520069,40.36271869262]]}},{"type":"Feature","id":191893,"properties":{"OBJECTID":191893,"PRIMENAME":"Shrewsbury Drive","ELEVTYP_F":0,"ELEVTYP_T":0},"geometry":{"type":"LineString","coordinates":[[-73.9892758716518,40.3611308634022],[-73.9892727335966,40.3611329363461],[-73.9891537004032,40.361222946474],[-73.9889651889331,40.361431845748],[-73.9888142502854,40.3616170544196],[-73.9886758699769,40.3617927661385],[-73.9884936723389,40.3619921384604],[-73.988389740775,40.3621063726486]]}},{"type":"Feature","id":192385,"properties":{"OBJECTID":192385,"PRIMENAME":"Kemp Avenue","ELEVTYP_F":0,"ELEVTYP_T":0},"geometry":{"type":"LineString","coordinates":[[-74.0286674870719,40.3630876890935],[-74.0290200652991,40.3634305991037],[-74.0293777852802,40.3637777556905]]}},{"type":"Feature","id":192529,"properties":{"OBJECTID":192529,"PRIMENAME":"Waterman Avenue","ELEVTYP_F":0,"ELEVTYP_T":0},"geometry":{"type":"LineString","coordinates":[[-73.9781091371533,40.3631837925998],[-73.9780048881795,40.3639695142732],[-73.9779827682762,40.364138572196]]}},{"type":"Feature","id":192736,"properties":{"OBJECTID":192736,"PRIMENAME":"Narumson Street","ELEVTYP_F":0,"ELEVTYP_T":0},"geometry":{"type":"LineString","coordinates":[[-74.0040814714866,40.3726823588486],[-74.0047012014607,40.3723482089173],[-74.005128738834,40.3721148326268],[-74.0051323772526,40.3721129388251],[-74.0052218755417,40.3720663395293]]}},{"type":"Feature","id":193040,"properties":{"OBJECTID":193040,"PRIMENAME":"Hartshorne Lane","ELEVTYP_F":0,"ELEVTYP_T":0},"geometry":{"type":"LineString","coordinates":[[-73.9865195055212,40.3690463496009],[-73.9872085188497,40.3691624757109],[-73.9875604541584,40.3692217887181],[-73.9876162210148,40.3692311872752],[-73.9876860838615,40.3692427800801]]}},{"type":"Feature","id":193133,"properties":{"OBJECTID":193133,"PRIMENAME":"Hillside Place","ELEVTYP_F":0,"ELEVTYP_T":0},"geometry":{"type":"LineString","coordinates":[[-74.022650322257,40.3628208306906],[-74.0228320197924,40.3627141889622],[-74.0230947108784,40.362572248597],[-74.0231460457755,40.3625446788631],[-74.0233323591394,40.3624446165967],[-74.0234761887486,40.3623641437247],[-74.0235827287213,40.3622787958717],[-74.0236580516306,40.3622028725303],[-74.0237419497913,40.3621171844942]]}},{"type":"Feature","id":193564,"properties":{"OBJECTID":193564,"PRIMENAME":"Tulip Tree Lane","ELEVTYP_F":0,"ELEVTYP_T":0},"geometry":{"type":"LineString","coordinates":[[-73.9934133208566,40.3656359192755],[-73.9938818133103,40.3654156105102]]}},{"type":"Feature","id":193713,"properties":{"OBJECTID":193713,"PRIMENAME":"North Rohallion Drive","ELEVTYP_F":0,"ELEVTYP_T":0},"geometry":{"type":"LineString","coordinates":[[-74.0123946048882,40.3619133974791],[-74.0123002085107,40.3619550552371],[-74.0113376638008,40.3623799269754],[-74.011281401989,40.3624035176962],[-74.0112190347862,40.3624128343319],[-74.0110821569003,40.3623884003073],[-74.0107462049004,40.3623154681505],[-74.010310806943,40.36221828465],[-74.0100494697777,40.3621695497591],[-74.009918768571,40.3621546657801],[-74.0098377742886,40.3621543225433],[-74.0097503968726,40.3621730585444],[-74.0095941326492,40.3622438805014],[-74.0087127707638,40.3626404699591],[-74.0087020824348,40.3626485556074],[-74.0086250465953,40.3627068326095],[-74.0086187520069,40.36271869262]]}},{"type":"Feature","id":194803,"properties":{"OBJECTID":194803,"PRIMENAME":"Seven Bridges Road","ELEVTYP_F":0,"ELEVTYP_T":0},"geometry":{"type":"LineString","coordinates":[[-74.0325994164954,40.3390288965034],[-74.0329058842328,40.3393219206026]]}},{"type":"Feature","id":195697,"properties":{"OBJECTID":195697,"PRIMENAME":"River Road","ELEVTYP_F":0,"ELEVTYP_T":0},"geometry":{"type":"LineString","coordinates":[[-74.0308542401914,40.3666684458842],[-74.030838046159,40.3666800201665],[-74.0306702319991,40.3668127765837],[-74.0305623360731,40.3668981308024],[-74.0303120072558,40.3671021622494],[-74.0302364798694,40.3671637218977],[-74.0299042835208,40.3674530868081],[-74.0295155524113,40.3677946537823],[-74.0293087169356,40.3679701617035],[-74.0292508331316,40.3680103084508]]}},{"type":"Feature","id":196583,"properties":{"OBJECTID":196583,"PRIMENAME":"Briarwood Road","ELEVTYP_F":0,"ELEVTYP_T":0},"geometry":{"type":"LineString","coordinates":[[-74.0085481788528,40.3630522612068],[-74.00856563496,40.3631688684348],[-74.0085834657724,40.3632833364096],[-74.0086201673586,40.3633788043288],[-74.00868184342,40.3634648539805],[-74.0087499739732,40.3635271016695],[-74.0088304857227,40.3635941519175],[-74.0088986817992,40.3636373483891],[-74.008998029508,40.3636806500573]]}},{"type":"Feature","id":196640,"properties":{"OBJECTID":196640,"PRIMENAME":"Edwards Point Road","ELEVTYP_F":0,"ELEVTYP_T":0},"geometry":{"type":"LineString","coordinates":[[-73.9992829376046,40.3566764479484],[-73.9992251070738,40.3565725671093],[-73.9991514206762,40.3564292511159],[-73.9990651427118,40.356304959884],[-73.9989167114047,40.3561565987786],[-73.9988238743765,40.3560421617663],[-73.9987808742344,40.3559891577716],[-73.9986137506211,40.3558454914066],[-73.9984280391926,40.3556874148651],[-73.9982609879633,40.3555294189735],[-73.9980813079729,40.3553951956051],[-73.9978830072192,40.355256114976],[-73.9976907368636,40.3551408886675],[-73.9975046050643,40.3550399901148],[-73.9973307827273,40.3549534479688],[-73.9971817929456,40.3548860928711],[-73.9969457513571,40.3547945025942],[-73.9968090002717,40.3547510278193],[-73.9965790618045,40.3546785426965]]}},{"type":"Feature","id":196949,"properties":{"OBJECTID":196949,"PRIMENAME":"Wardell Avenue","ELEVTYP_F":0,"ELEVTYP_T":0},"geometry":{"type":"LineString","coordinates":[[-74.0237167689091,40.3423416598919],[-74.0237966009998,40.3424217358838],[-74.0238606601337,40.3424859899928],[-74.0240091805822,40.3426200454152],[-74.024145355622,40.342744523665],[-74.0242753917924,40.3428594232934],[-74.0244179051351,40.3429600987493],[-74.0245541486766,40.3430750235837],[-74.0247149891803,40.3432329842873],[-74.0249067008666,40.3434244253953],[-74.0251047936471,40.3436015621146],[-74.0255439330537,40.3440418265924],[-74.0260510693976,40.3445586009493],[-74.0266077819743,40.3451185388285],[-74.0271335244361,40.3456449386257],[-74.0275664168064,40.346094722979],[-74.0280241820642,40.3465493554159],[-74.029020040694,40.3475494519113],[-74.0290999964521,40.3476297723732]]}},{"type":"Feature","id":197254,"properties":{"OBJECTID":197254,"PRIMENAME":"Bingham Avenue","ELEVTYP_F":0,"ELEVTYP_T":0},"geometry":{"type":"LineString","coordinates":[[-73.9955522192721,40.3574483230176],[-73.9950247244466,40.3567640084924],[-73.9947099686323,40.3563670526551],[-73.9946235913196,40.3562522838509],[-73.9945120621997,40.3561755628462],[-73.9943880109338,40.3561035081936],[-73.9942326709632,40.3560456468123],[-73.9941254961792,40.3560217071862],[-73.9941020565942,40.3560164709641],[-73.993952640267,40.3560062911494],[-73.9938218122016,40.3560057186572],[-73.9937066508527,40.35601987446],[-73.9936721456918,40.3560241149731],[-73.9934911551894,40.3560662303071],[-73.9934300291992,40.3560956227666],[-73.9933536198712,40.3561323632871],[-73.9933529345467,40.3561328538406]]}},{"type":"Feature","id":197684,"properties":{"OBJECTID":197684,"PRIMENAME":"Fair Haven Road","ELEVTYP_F":0,"ELEVTYP_T":0},"geometry":{"type":"LineString","coordinates":[[-74.0307898673133,40.3596118033167],[-74.0311251933873,40.3599576290669],[-74.0315495549179,40.3603865264909]]}},{"type":"Feature","id":198305,"properties":{"OBJECTID":198305,"PRIMENAME":"Woodside Drive","ELEVTYP_F":0,"ELEVTYP_T":0},"geometry":{"type":"LineString","coordinates":[[-74.032864887081,40.3508459570729],[-74.0330126554412,40.3507404796676],[-74.0333691684702,40.3505274646366],[-74.0336946059481,40.3503142952955],[-74.0340386638071,40.3501012279634],[-74.0346956975303,40.3496701601874],[-74.0347938780464,40.349605740689]]}},{"type":"Feature","id":198548,"properties":{"OBJECTID":198548,"PRIMENAME":"Center Street","ELEVTYP_F":0,"ELEVTYP_T":0},"geometry":{"type":"LineString","coordinates":[[-73.9990560894103,40.3734436795634],[-73.9984340930509,40.3725920929544],[-73.9983737158499,40.3725154328527]]}},{"type":"Feature","id":198891,"properties":{"OBJECTID":198891,"PRIMENAME":"Buttonwood Drive","ELEVTYP_F":0,"ELEVTYP_T":0},"geometry":{"type":"LineString","coordinates":[[-74.0267924209444,40.3573759805056],[-74.0269882124626,40.3572773713319],[-74.0272571835508,40.3571419055713],[-74.027444865248,40.3570330572114],[-74.0276512041582,40.3569195076966],[-74.0278263673246,40.3568201337545],[-74.0279187053906,40.3567676938985]]}},{"type":"Feature","id":199455,"properties":{"OBJECTID":199455,"PRIMENAME":"Rumson Road","ELEVTYP_F":0,"ELEVTYP_T":0},"geometry":{"type":"LineString","coordinates":[[-73.9965305657099,40.3621873653287],[-73.9960399795182,40.3624584564217],[-73.9954674661639,40.3627812373822],[-73.9951698347089,40.3629469826579]]}},{"type":"Feature","id":199648,"properties":{"OBJECTID":199648,"PRIMENAME":"Hendrickson Place","ELEVTYP_F":0,"ELEVTYP_T":0},"geometry":{"type":"LineString","coordinates":[[-74.0332554370731,40.3592687494799],[-74.0330980072218,40.3593674898811],[-74.0326911729338,40.3596375375195],[-74.0323281687064,40.359879101395],[-74.0316522583348,40.3603196036077],[-74.0315495549179,40.3603865264909]]}},{"type":"Feature","id":201210,"properties":{"OBJECTID":201210,"PRIMENAME":"Hartshorne Lane","ELEVTYP_F":0,"ELEVTYP_T":0},"geometry":{"type":"LineString","coordinates":[[-73.9819726029187,40.3683108714591],[-73.9821397421821,40.3683346243126],[-73.9826811932691,40.3684180850388],[-73.9831259483155,40.3684931232751]]}},{"type":"Feature","id":201306,"properties":{"OBJECTID":201306,"PRIMENAME":"North Park Avenue","ELEVTYP_F":0,"ELEVTYP_T":0},"geometry":{"type":"LineString","coordinates":[[-74.0094061979413,40.377882880085],[-74.0093910140257,40.3777601630219],[-74.0093405509562,40.3776554397873],[-74.0092788360376,40.3775332656046],[-74.0091830364571,40.3773891483988],[-74.0090138911541,40.3771576164699],[-74.0087547554303,40.376773317264],[-74.008706347349,40.3767022307863]]}},{"type":"Feature","id":202017,"properties":{"OBJECTID":202017,"PRIMENAME":"East Front Street","ELEVTYP_F":0,"ELEVTYP_T":0},"geometry":{"type":"LineString","coordinates":[[-74.027270613108,40.3689772362982],[-74.0270947461419,40.3690545629123],[-74.0264645141593,40.3693266527983],[-74.0262635498233,40.369413415034],[-74.0255886721955,40.3696823108686],[-74.0252197507451,40.36983251638],[-74.0251056514944,40.3698789698383],[-74.025032491844,40.369908756426],[-74.0248677513923,40.3699756507996],[-74.0243707140012,40.3701774728509],[-74.0243700928484,40.3701777242789],[-74.0239915194354,40.3703341420508],[-74.0233764539645,40.3705882653881],[-74.0233045263393,40.3706176236435],[-74.0230885281488,40.3707057873165],[-74.0230422020118,40.370724695394]]}},{"type":"Feature","id":202654,"properties":{"OBJECTID":202654,"PRIMENAME":"East River Road","ELEVTYP_F":0,"ELEVTYP_T":0},"geometry":{"type":"LineString","coordinates":[[-74.0002513007053,40.3728986899033],[-74.0000998199454,40.372701370968],[-74.0000672620245,40.3726580478363]]}},{"type":"Feature","id":203275,"properties":{"OBJECTID":203275,"PRIMENAME":"Lafayette Street","ELEVTYP_F":0,"ELEVTYP_T":0},"geometry":{"type":"LineString","coordinates":[[-74.0116532045098,40.3754799057248],[-74.0114837582749,40.3752647371955],[-74.0110290059975,40.3746802061595],[-74.0103026852651,40.373714564363],[-74.0102403980234,40.3736320004237]]}},{"type":"Feature","id":203343,"properties":{"OBJECTID":203343,"PRIMENAME":"Popomora Drive","ELEVTYP_F":0,"ELEVTYP_T":0},"geometry":{"type":"LineString","coordinates":[[-74.0230422020118,40.370724695394],[-74.0229854162645,40.3706591813761],[-74.0224691905275,40.3700635703685],[-74.0222925428557,40.3698673841603],[-74.021887078818,40.3694170637622],[-74.0218306339198,40.3693697787778],[-74.0217740088385,40.3693478300329],[-74.0217031055354,40.3693403172297],[-74.0216177855745,40.3693616510282],[-74.021247545518,40.3695374573242],[-74.020967419063,40.3696738036907],[-74.0208676920281,40.3697276347572],[-74.0207773613906,40.369792458346],[-74.0206992862019,40.3698607920415],[-74.0206868923604,40.3698716394087],[-74.0205914655909,40.3699870626088],[-74.0204914798008,40.3700771289158],[-74.0204057738201,40.3701527332176],[-74.0203202714227,40.3701994302249],[-74.0201874404738,40.3702495559248],[-74.0198223316398,40.3703638322794],[-74.0191204977344,40.3705924986421],[-74.0190347692204,40.3706204449816]]}},{"type":"Feature","id":205011,"properties":{"OBJECTID":205011,"PRIMENAME":"Rumson Road","ELEVTYP_F":0,"ELEVTYP_T":0},"geometry":{"type":"LineString","coordinates":[[-74.0022254929625,40.3590513522583],[-74.0019939947487,40.3591635942261],[-74.0017923420259,40.3592628148261],[-74.0015954150197,40.3593584600478],[-74.0014031254905,40.3594577203127],[-74.001187307103,40.3595747224279],[-74.000966754071,40.3597060618451],[-74.0007227233509,40.3598479775763],[-74.0005140205552,40.3599688495048],[-74.0005021597582,40.3599757188631],[-73.9996575754189,40.360447478999],[-73.9989068847888,40.360862429679],[-73.9984332548395,40.3611286905463]]}},{"type":"Feature","id":205388,"properties":{"OBJECTID":205388,"PRIMENAME":"River Road","ELEVTYP_F":0,"ELEVTYP_T":0},"geometry":{"type":"LineString","coordinates":[[-74.032716574969,40.3657607144487],[-74.0322197579607,40.3659897952495],[-74.0317035047664,40.3662316159285]]}},{"type":"Feature","id":205709,"properties":{"OBJECTID":205709,"PRIMENAME":"Robin Road","ELEVTYP_F":0,"ELEVTYP_T":0},"geometry":{"type":"LineString","coordinates":[[-73.9950739333882,40.3677627310753],[-73.9950739395176,40.367761909712],[-73.9951012666211,40.367716650816],[-73.9951934404199,40.3676674752636],[-73.9956535937705,40.3674836892847],[-73.9956893693637,40.3674686955086]]}},{"type":"Feature","id":205729,"properties":{"OBJECTID":205729,"PRIMENAME":"Browns Dock Road","ELEVTYP_F":0,"ELEVTYP_T":0},"geometry":{"type":"LineString","coordinates":[[-74.034177265158,40.3807775679],[-74.0340594636062,40.3804161585763],[-74.0339989876758,40.3801490282822],[-74.0339563562201,40.3800011118162]]}},{"type":"Feature","id":206838,"properties":{"OBJECTID":206838,"PRIMENAME":"Black Point Road","ELEVTYP_F":0,"ELEVTYP_T":0},"geometry":{"type":"LineString","coordinates":[[-73.9972118621797,40.3729222458151],[-73.9973330410558,40.3728877716693],[-73.9982692827901,40.3725522044408],[-73.9983737158499,40.3725154328527]]}},{"type":"Feature","id":207056,"properties":{"OBJECTID":207056,"PRIMENAME":"First Street","ELEVTYP_F":0,"ELEVTYP_T":0},"geometry":{"type":"LineString","coordinates":[[-74.0121309810931,40.3728387843649],[-74.0121868211179,40.3729047392006],[-74.0127864042733,40.3737431730403],[-74.0134423402464,40.3746433603322],[-74.0134900136239,40.3747123000304]]}},{"type":"Feature","id":207468,"properties":{"OBJECTID":207468,"PRIMENAME":"Fair Haven Road","ELEVTYP_F":0,"ELEVTYP_T":0},"geometry":{"type":"LineString","coordinates":[[-74.0355436495356,40.3644457409901],[-74.0356481974792,40.3645130609649],[-74.03644628452,40.3653407773202],[-74.036672897227,40.36558035179]]}},{"type":"Feature","id":207502,"properties":{"OBJECTID":207502,"PRIMENAME":"Browns Lane","ELEVTYP_F":0,"ELEVTYP_T":0},"geometry":{"type":"LineString","coordinates":[[-74.0280019465293,40.3667875108393],[-74.0277584976325,40.3665471374113],[-74.0271931193412,40.3659724215025],[-74.0271088825667,40.3658867929347]]}},{"type":"Feature","id":207663,"properties":{"OBJECTID":207663,"PRIMENAME":"Ridge Road","ELEVTYP_F":0,"ELEVTYP_T":0},"geometry":{"type":"LineString","coordinates":[[-74.0037945139323,40.368096325796],[-74.0036447359322,40.3681365859629],[-74.0033324460394,40.3682305580329],[-74.0029516768198,40.3683194858519],[-74.0027537689465,40.368364643766]]}},{"type":"Feature","id":207993,"properties":{"OBJECTID":207993,"PRIMENAME":"Fair Haven Road","ELEVTYP_F":0,"ELEVTYP_T":0},"geometry":{"type":"LineString","coordinates":[[-74.029871509006,40.3586594571484],[-74.0299437193675,40.358732763579],[-74.0299504216738,40.3587397555388],[-74.0303364455713,40.3591423504147],[-74.0304942013156,40.3593068766468],[-74.0307898673133,40.3596118033167]]}},{"type":"Feature","id":208204,"properties":{"OBJECTID":208204,"PRIMENAME":"Maple Avenue","ELEVTYP_F":0,"ELEVTYP_T":0},"geometry":{"type":"LineString","coordinates":[[-74.0342100271177,40.3586333269276],[-74.0335187624784,40.3579727669738],[-74.0334708141747,40.3579268935375]]}},{"type":"Feature","id":208383,"properties":{"OBJECTID":208383,"PRIMENAME":"Pirates Cove Road","ELEVTYP_F":0,"ELEVTYP_T":0},"geometry":{"type":"LineString","coordinates":[[-74.0360305938948,40.3425650670999],[-74.0359364549758,40.3426015026936],[-74.0356928865617,40.342695865534],[-74.0354306291552,40.3427948749152],[-74.0352432603575,40.3428656069467],[-74.0351621278245,40.3428938856259],[-74.0350747823265,40.3429126139821],[-74.0349626046219,40.342921688324],[-74.0346970764939,40.3429412183806],[-74.034532616238,40.3429533135122]]}},{"type":"Feature","id":208583,"properties":{"OBJECTID":208583,"PRIMENAME":"Buena Vista Avenue","ELEVTYP_F":0,"ELEVTYP_T":0},"geometry":{"type":"LineString","coordinates":[[-74.0137661050847,40.3552441763031],[-74.0136762089796,40.3551503244447],[-74.0124148033541,40.3538343794754],[-74.0123409976451,40.3537448436579]]}},{"type":"Feature","id":208780,"properties":{"OBJECTID":208780,"PRIMENAME":"Kings Road","ELEVTYP_F":0,"ELEVTYP_T":0},"geometry":{"type":"LineString","coordinates":[[-74.0364918369562,40.3384379808853],[-74.0354999720947,40.3390347877057],[-74.0342867591924,40.3397591432692],[-74.0337927417182,40.3400478684109],[-74.0337138575922,40.3400939448365]]}},{"type":"Feature","id":208874,"properties":{"OBJECTID":208874,"PRIMENAME":"Lakeside Avenue","ELEVTYP_F":0,"ELEVTYP_T":0},"geometry":{"type":"LineString","coordinates":[[-74.0039840626869,40.3746006546452],[-74.0050789235195,40.3741013032081],[-74.0051179606814,40.3740836626855],[-74.0051436739225,40.3740720426983]]}},{"type":"Feature","id":209413,"properties":{"OBJECTID":209413,"PRIMENAME":"Highland Avenue","ELEVTYP_F":0,"ELEVTYP_T":0},"geometry":{"type":"LineString","coordinates":[[-74.0260045689655,40.3625365818489],[-74.0260629481223,40.3625379469034],[-74.0261141524745,40.3625439767109],[-74.0261600816946,40.362570573709],[-74.0265561145821,40.3629582504633],[-74.0265959642182,40.3629972846727]]}},{"type":"Feature","id":209776,"properties":{"OBJECTID":209776,"PRIMENAME":"Oakwood Lane","ELEVTYP_F":0,"ELEVTYP_T":0},"geometry":{"type":"LineString","coordinates":[[-74.0135257510015,40.3714779509091],[-74.0135218927019,40.3714773807814],[-74.013446156372,40.3714879059599],[-74.0133275369863,40.3715272118378],[-74.0126445683699,40.371763165689],[-74.0124073732874,40.3718454000583],[-74.0122033939202,40.3719205265401],[-74.0119187727298,40.3720242465276],[-74.011681481594,40.3721245964059],[-74.0116262762928,40.3721449241565]]}},{"type":"Feature","id":210121,"properties":{"OBJECTID":210121,"PRIMENAME":"Church Street","ELEVTYP_F":0,"ELEVTYP_T":0},"geometry":{"type":"LineString","coordinates":[[-74.0350226222544,40.3609252560384],[-74.0352291374402,40.3611204182432],[-74.0361020285359,40.361934135666],[-74.03645622905,40.3622701937061]]}},{"type":"Feature","id":210492,"properties":{"OBJECTID":210492,"PRIMENAME":"Cedar Avenue","ELEVTYP_F":0,"ELEVTYP_T":0},"geometry":{"type":"LineString","coordinates":[[-73.9934535296882,40.3728345526524],[-73.9931585732431,40.3721049383226]]}},{"type":"Feature","id":210577,"properties":{"OBJECTID":210577,"PRIMENAME":"Barley Point Road","ELEVTYP_F":0,"ELEVTYP_T":0},"geometry":{"type":"LineString","coordinates":[[-73.9937690935099,40.3787819725935],[-73.9937544248176,40.3788021918136],[-73.9937124256632,40.3788481921403],[-73.9936554261522,40.3788971907688],[-73.9935864243672,40.3789441914167],[-73.9935244250642,40.3789771915385],[-73.993269424087,40.3790801917466],[-73.9931704234172,40.3791111922218],[-73.9930794252056,40.3791281920352],[-73.9929104231631,40.379146190823],[-73.9926004224744,40.3791621919152]]}},{"type":"Feature","id":212647,"properties":{"OBJECTID":212647,"PRIMENAME":"Tyson Lane","ELEVTYP_F":0,"ELEVTYP_T":0},"geometry":{"type":"LineString","coordinates":[[-73.9824495020211,40.370011035181],[-73.9823502785441,40.3696954999421],[-73.9823322971422,40.3696383202712],[-73.9821100085649,40.3689275597611],[-73.9819880520859,40.3684915455303],[-73.9819828846896,40.3684305522098],[-73.9819776442991,40.3683695585614],[-73.9819726029187,40.3683108714591]]}},{"type":"Feature","id":212871,"properties":{"OBJECTID":212871,"PRIMENAME":"Queens Drive","ELEVTYP_F":0,"ELEVTYP_T":0},"geometry":{"type":"LineString","coordinates":[[-74.0374939349206,40.3393398354012],[-74.0375524027067,40.3394671989536],[-74.0375952097448,40.3395817628439],[-74.0376317771377,40.3397010500137],[-74.0376929484122,40.3398633434853],[-74.0377546090228,40.339954154104],[-74.0378246602411,40.3400191648056]]}},{"type":"Feature","id":213352,"properties":{"OBJECTID":213352,"PRIMENAME":"Auldwood Lane","ELEVTYP_F":0,"ELEVTYP_T":0},"geometry":{"type":"LineString","coordinates":[[-74.015310772282,40.3657034634818],[-74.0153850669654,40.365662789039],[-74.0158837591691,40.3653898656889],[-74.0160357553203,40.3653036442536],[-74.016206741648,40.3652066312364],[-74.0166058844329,40.3649622495045],[-74.0167817606663,40.364843569364],[-74.0170193799977,40.3646925883891],[-74.0173613038583,40.3645094576992],[-74.0176511377881,40.3643333553679],[-74.0179361821026,40.3641644528346],[-74.0181071626464,40.3640674639748],[-74.0182022865002,40.3639991210191],[-74.0182594714891,40.3639414637649],[-74.0182977859675,40.3638728561632],[-74.0183173529771,40.3637861079695],[-74.0183225437683,40.3637173623973],[-74.0182994341939,40.3636413072804],[-74.0182573884494,40.363568686712],[-74.0179946876491,40.3632564254087],[-74.0172487084783,40.3623884448817],[-74.0170564051033,40.3621596825242],[-74.016971919223,40.3620652245539],[-74.0168407293055,40.3618873929344],[-74.0167766098522,40.3618004592548]]}},{"type":"Feature","id":214116,"properties":{"OBJECTID":214116,"PRIMENAME":"Black Point Road","ELEVTYP_F":0,"ELEVTYP_T":0},"geometry":{"type":"LineString","coordinates":[[-73.9937472597933,40.3735609769968],[-73.9940255800626,40.373570100895]]}},{"type":"Feature","id":214695,"properties":{"OBJECTID":214695,"PRIMENAME":"Pebble Hill Road","ELEVTYP_F":0,"ELEVTYP_T":0},"geometry":{"type":"LineString","coordinates":[[-74.0027537689465,40.368364643766],[-74.0027024724252,40.3682974681944],[-74.0020853258572,40.3674893775558]]}},{"type":"Feature","id":215411,"properties":{"OBJECTID":215411,"PRIMENAME":"Hartshorne Lane","ELEVTYP_F":0,"ELEVTYP_T":0},"geometry":{"type":"LineString","coordinates":[[-73.980156248011,40.3686009569142],[-73.9802498504246,40.3685835069856],[-73.9803499527423,40.3685363009037],[-73.9803733606397,40.3685260018101]]}},{"type":"Feature","id":216282,"properties":{"OBJECTID":216282,"PRIMENAME":"River Road","ELEVTYP_F":0,"ELEVTYP_T":0},"geometry":{"type":"LineString","coordinates":[[-74.0343413904139,40.3650086374764],[-74.0339512065791,40.3651913492628],[-74.0332682586532,40.3655062952383]]}},{"type":"Feature","id":216541,"properties":{"OBJECTID":216541,"PRIMENAME":"Waterman Avenue","ELEVTYP_F":0,"ELEVTYP_T":0},"geometry":{"type":"LineString","coordinates":[[-73.9779827682762,40.364138572196],[-73.9778659167002,40.3650316821215],[-73.9778562316386,40.3651054563309]]}},{"type":"Feature","id":216681,"properties":{"OBJECTID":216681,"PRIMENAME":"North Ward Avenue","ELEVTYP_F":0,"ELEVTYP_T":0},"geometry":{"type":"LineString","coordinates":[[-73.9809213842243,40.3723695941441],[-73.9809175632808,40.3723509867596],[-73.9806575268306,40.3714830357175],[-73.9803229136722,40.3703930980289]]}},{"type":"Feature","id":216893,"properties":{"OBJECTID":216893,"PRIMENAME":"South Ward Avenue","ELEVTYP_F":0,"ELEVTYP_T":0},"geometry":{"type":"LineString","coordinates":[[-73.9798698476073,40.362471005623],[-73.980019091717,40.362934842796],[-73.9801036219894,40.3632831474178],[-73.9801131790913,40.3633424583818]]}},{"type":"Feature","id":217545,"properties":{"OBJECTID":217545,"PRIMENAME":"Blossom Road","ELEVTYP_F":0,"ELEVTYP_T":0},"geometry":{"type":"LineString","coordinates":[[-73.9991093016214,40.369199318483],[-73.9990575193098,40.3691157780532],[-73.9988235436983,40.3687382632965],[-73.9987064857011,40.3685518795344],[-73.9986385383501,40.36848010064],[-73.9985765515264,40.3684321759664],[-73.9985021120133,40.3683889454725],[-73.9984150782516,40.3683647405166],[-73.9983216919369,40.3683500602013],[-73.9982282010834,40.3683544037242],[-73.9981347100116,40.3683587750907],[-73.9980036105244,40.3683915597732],[-73.9978852110146,40.3683958498364],[-73.9977979641152,40.3683954710085],[-73.9977045440884,40.3683902612527],[-73.9976236486833,40.3683756076044],[-73.9974557530194,40.3683272213236],[-73.9971014790585,40.3682112901567]]}},{"type":"Feature","id":217938,"properties":{"OBJECTID":217938,"PRIMENAME":"Bingham Avenue","ELEVTYP_F":0,"ELEVTYP_T":0},"geometry":{"type":"LineString","coordinates":[[-74.0051200892034,40.3698478010305],[-74.0051486727822,40.3698851290649],[-74.0058003077492,40.3707361123134],[-74.0059739654674,40.3709652528955]]}},{"type":"Feature","id":218153,"properties":{"OBJECTID":218153,"PRIMENAME":"South Street","ELEVTYP_F":0,"ELEVTYP_T":0},"geometry":{"type":"LineString","coordinates":[[-73.974114335884,40.3619875214265],[-73.9742513938477,40.3619869367843],[-73.9753350041696,40.3619822216087]]}},{"type":"Feature","id":218199,"properties":{"OBJECTID":218199,"PRIMENAME":"East River Road","ELEVTYP_F":0,"ELEVTYP_T":0},"geometry":{"type":"LineString","coordinates":[[-73.9996280205208,40.3720739514427],[-73.9991433614426,40.3714295096682],[-73.9990430818275,40.3712935190129]]}},{"type":"Feature","id":218404,"properties":{"OBJECTID":218404,"PRIMENAME":"North Ward Avenue","ELEVTYP_F":0,"ELEVTYP_T":0},"geometry":{"type":"LineString","coordinates":[[-73.9805336702197,40.3727750245017],[-73.9809016470953,40.3725158181983],[-73.9809360345796,40.3724409415286],[-73.9809213842243,40.3723695941441]]}},{"type":"Feature","id":218788,"properties":{"OBJECTID":218788,"PRIMENAME":"River Road","ELEVTYP_F":0,"ELEVTYP_T":0},"geometry":{"type":"LineString","coordinates":[[-74.038840991348,40.3628837770323],[-74.0376992013832,40.3634233419594]]}},{"type":"Feature","id":219880,"properties":{"OBJECTID":219880,"PRIMENAME":"Normandie Place","ELEVTYP_F":0,"ELEVTYP_T":0},"geometry":{"type":"LineString","coordinates":[[-73.9753139518768,40.3816812509782],[-73.9752578690204,40.3808359785116]]}},{"type":"Feature","id":219895,"properties":{"OBJECTID":219895,"PRIMENAME":"Parmly Street","ELEVTYP_F":0,"ELEVTYP_T":0},"geometry":{"type":"LineString","coordinates":[[-73.9990560894103,40.3734436795634],[-74.0001623819592,40.3729392354993],[-74.0002513007053,40.3728986899033]]}},{"type":"Feature","id":221184,"properties":{"OBJECTID":221184,"PRIMENAME":"Maple Avenue","ELEVTYP_F":0,"ELEVTYP_T":0},"geometry":{"type":"LineString","coordinates":[[-74.038840991348,40.3628837770323],[-74.0387750575265,40.3628217476192],[-74.0375740471235,40.3616921954538],[-74.0375253329414,40.3616471717706]]}},{"type":"Feature","id":221325,"properties":{"OBJECTID":221325,"PRIMENAME":"Pebble Hill Road","ELEVTYP_F":0,"ELEVTYP_T":0},"geometry":{"type":"LineString","coordinates":[[-74.0014692232733,40.3686603693112],[-74.0014228186556,40.3686065285299],[-74.0013414851168,40.3685120188193]]}},{"type":"Feature","id":222038,"properties":{"OBJECTID":222038,"PRIMENAME":"Hill Pond Lane","ELEVTYP_F":0,"ELEVTYP_T":0},"geometry":{"type":"LineString","coordinates":[[-74.0052542202661,40.3612619202307],[-74.0052115385579,40.3612882257071],[-74.0051274003256,40.3613400826079],[-74.0046204024318,40.3616524274987],[-74.0045264322154,40.3617235643508],[-74.0044572272991,40.3618138037103],[-74.0044129983014,40.361899373915]]}},{"type":"Feature","id":222482,"properties":{"OBJECTID":222482,"PRIMENAME":"Holly Street","ELEVTYP_F":0,"ELEVTYP_T":0},"geometry":{"type":"LineString","coordinates":[[-73.9963826987184,40.3718617456962],[-73.9963099438854,40.3718861074595],[-73.9949742829542,40.3723332094306],[-73.994921388826,40.3723508490592]]}},{"type":"Feature","id":222520,"properties":{"OBJECTID":222520,"PRIMENAME":"Bingham Avenue","ELEVTYP_F":0,"ELEVTYP_T":0},"geometry":{"type":"LineString","coordinates":[[-74.0063364640491,40.3714435834193],[-74.0070902370773,40.3724383006517],[-74.0075194523183,40.3730037961788]]}},{"type":"Feature","id":222586,"properties":{"OBJECTID":222586,"PRIMENAME":"Nicol Terrace","ELEVTYP_F":0,"ELEVTYP_T":0},"geometry":{"type":"LineString","coordinates":[[-74.0013414851168,40.3685120188193],[-74.0012993006717,40.3684630002353],[-74.0012006887057,40.3683148292149],[-74.0011327725526,40.3682287496374],[-74.0011145660297,40.368161990791],[-74.0011220415071,40.3679951709505],[-74.0010980116284,40.3678711769703],[-74.0010739482938,40.3677566819642],[-74.0009938953252,40.367627643106],[-74.0008768695119,40.3674412895572],[-74.0007756674526,40.3673237136696],[-74.0006915435812,40.3672259806328],[-74.0005431565331,40.3670728729255]]}},{"type":"Feature","id":222965,"properties":{"OBJECTID":222965,"PRIMENAME":"Crabapple Lane","ELEVTYP_F":0,"ELEVTYP_T":0},"geometry":{"type":"LineString","coordinates":[[-74.0075990139806,40.3702785870226],[-74.0075554607684,40.3702217409784],[-74.0072356442476,40.369804209584],[-74.0071383493187,40.3696771874334],[-74.0069132764466,40.3694012163572],[-74.0069032100698,40.3693887373031]]}},{"type":"Feature","id":223154,"properties":{"OBJECTID":223154,"PRIMENAME":"Washington Street","ELEVTYP_F":0,"ELEVTYP_T":0},"geometry":{"type":"LineString","coordinates":[[-74.0113949338029,40.3769077051801],[-74.0115414968582,40.377096012638],[-74.0116960942772,40.3773101573364],[-74.0118227449876,40.377462692253],[-74.0119351812698,40.3776151400191],[-74.0121084727981,40.3778655717113]]}},{"type":"Feature","id":223753,"properties":{"OBJECTID":223753,"PRIMENAME":"Ridge Road","ELEVTYP_F":0,"ELEVTYP_T":0},"geometry":{"type":"LineString","coordinates":[[-74.0014692232733,40.3686603693112],[-74.0007261302836,40.3688301140511],[-74.0004426000197,40.368894880084],[-74.0001846544648,40.3689538846766],[-73.9998309556647,40.3690347935477]]}},{"type":"Feature","id":223762,"properties":{"OBJECTID":223762,"PRIMENAME":"Harding Road","ELEVTYP_F":0,"ELEVTYP_T":0},"geometry":{"type":"LineString","coordinates":[[-74.0366095886112,40.3443823166233],[-74.0366806537222,40.3444465646804],[-74.0376649097293,40.3453369531142],[-74.0381246767078,40.3457703334865]]}},{"type":"Feature","id":223936,"properties":{"OBJECTID":223936,"PRIMENAME":"Lafayette Street","ELEVTYP_F":0,"ELEVTYP_T":0},"geometry":{"type":"LineString","coordinates":[[-74.0102403980234,40.3736320004237],[-74.0099277215641,40.3732172520736],[-74.0092811109991,40.3723459914495],[-74.0086110750167,40.3714457483362],[-74.0080674487682,40.3707305698423],[-74.0080291599135,40.370680169786]]}},{"type":"Feature","id":227617,"properties":{"OBJECTID":227617,"PRIMENAME":"Elmwood Lane","ELEVTYP_F":0,"ELEVTYP_T":0},"geometry":{"type":"LineString","coordinates":[[-74.0257574561245,40.3588379442857],[-74.0258938915876,40.3587662778919],[-74.0266505502141,40.3583689926443],[-74.0267317743681,40.3583359983175],[-74.0268003098758,40.3583315296194],[-74.0268562966044,40.3583460330581],[-74.0269121177917,40.3583843921888],[-74.0270112016754,40.3584658351535],[-74.0275743436695,40.3590114362799],[-74.0276584295435,40.3590929272998]]}},{"type":"Feature","id":228445,"properties":{"OBJECTID":228445,"PRIMENAME":"Clover Lane","ELEVTYP_F":0,"ELEVTYP_T":0},"geometry":{"type":"LineString","coordinates":[[-73.9928682038113,40.3675272634356],[-73.9929944713954,40.3674784868109],[-73.9935069191896,40.3672805534827],[-73.9935944855077,40.367238057136],[-73.9936571090884,40.3671953965821],[-73.9937325068475,40.3671099679446],[-73.9938015889676,40.3670387859699],[-73.9938581105531,40.3669770742274],[-73.9939332938959,40.3669249702626],[-73.9941207724216,40.3668495299783],[-73.9948271348164,40.3665633575988]]}},{"type":"Feature","id":228631,"properties":{"OBJECTID":228631,"PRIMENAME":"Bingham Avenue","ELEVTYP_F":0,"ELEVTYP_T":0},"geometry":{"type":"LineString","coordinates":[[-73.9984332548395,40.3611286905463],[-73.9984932217713,40.3612061451441],[-73.9993448576964,40.3623059857378],[-73.9999062921224,40.3630471433133],[-74.0006531973075,40.3639988022518],[-74.0009268840714,40.3643487315153]]}},{"type":"Feature","id":230036,"properties":{"OBJECTID":230036,"PRIMENAME":"Rumson Road","ELEVTYP_F":0,"ELEVTYP_T":0},"geometry":{"type":"LineString","coordinates":[[-74.0297915830077,40.3474321046304],[-74.0296108344246,40.3474870974756],[-74.0294049016535,40.3475470105056],[-74.0290999964521,40.3476297723732]]}},{"type":"Feature","id":230208,"properties":{"OBJECTID":230208,"PRIMENAME":"Oyster Bay Drive","ELEVTYP_F":0,"ELEVTYP_T":0},"geometry":{"type":"LineString","coordinates":[[-73.9846297488522,40.3588163270165],[-73.9846669598315,40.3588820465024],[-73.9847100135532,40.3589584989129],[-73.9847655571058,40.3590254546732],[-73.9848522848648,40.35908779929],[-73.9849640241276,40.359140729969],[-73.9850999775311,40.3591948112937],[-73.9852622144657,40.3592564496924],[-73.9853164205519,40.3592775265219]]}},{"type":"Feature","id":230749,"properties":{"OBJECTID":230749,"PRIMENAME":"Narumsunk Street","ELEVTYP_F":0,"ELEVTYP_T":0},"geometry":{"type":"LineString","coordinates":[[-74.0070183062085,40.3711086422294],[-74.0073703103471,40.3709591856808],[-74.0080291599135,40.370680169786]]}},{"type":"Feature","id":231262,"properties":{"OBJECTID":231262,"PRIMENAME":"River Road","ELEVTYP_F":0,"ELEVTYP_T":0},"geometry":{"type":"LineString","coordinates":[[-74.0332682586532,40.3655062952383],[-74.032716574969,40.3657607144487]]}},{"type":"Feature","id":231323,"properties":{"OBJECTID":231323,"PRIMENAME":"Riverview Road","ELEVTYP_F":0,"ELEVTYP_T":0},"geometry":{"type":"LineString","coordinates":[[-73.9740050555455,40.3453077328324],[-73.9741264989973,40.3453082850394],[-73.9743865710288,40.3453094671656],[-73.9747141276251,40.3453109552027],[-73.9750030801096,40.3453122670974],[-73.9751284411586,40.3452980662734],[-73.9753020910166,40.3452657201229],[-73.975466012715,40.3452480155954],[-73.9755960229804,40.3452449268536],[-73.9757116540184,40.3452454510435],[-73.9757982540602,40.3452605853922],[-73.9758797470266,40.345305179315],[-73.9759419612774,40.3453607494193],[-73.9759946093015,40.3454052134668],[-73.9760666080344,40.3454387006593],[-73.9761532380365,40.3454501566231],[-73.9763698571453,40.3454658793253],[-73.9764901179977,40.3454848437924],[-73.9766488829458,40.3455076606154],[-73.9768511936492,40.3455085758338],[-73.9775495470845,40.3455154385192]]}},{"type":"Feature","id":231760,"properties":{"OBJECTID":231760,"PRIMENAME":"Rumson Road","ELEVTYP_F":0,"ELEVTYP_T":0},"geometry":{"type":"LineString","coordinates":[[-74.0366095886112,40.3443823166233],[-74.0363960695924,40.3444940145412],[-74.0361525896668,40.3446175156418],[-74.0355710218778,40.344912503244],[-74.0351577405311,40.3451271093087]]}},{"type":"Feature","id":231782,"properties":{"OBJECTID":231782,"PRIMENAME":"East River Road","ELEVTYP_F":0,"ELEVTYP_T":0},"geometry":{"type":"LineString","coordinates":[[-74.0057372789949,40.3769164681825],[-74.0055899480446,40.3769237721932],[-74.0054155731272,40.3769087243138],[-74.0050976219947,40.3768635990011],[-74.004861534434,40.3768300922251],[-74.004612565847,40.3767861462437],[-74.0043761585503,40.3767327004106],[-74.004059229116,40.3766122015695],[-74.0031459510771,40.3762317528901],[-74.0029596482506,40.3761451657956],[-74.0028293413671,40.3760683722962],[-74.0028003867509,40.3760473807488],[-74.0027301545012,40.3759964615737],[-74.0027122569037,40.3759799406201]]}},{"type":"Feature","id":231976,"properties":{"OBJECTID":231976,"PRIMENAME":"Park Road","ELEVTYP_F":0,"ELEVTYP_T":0},"geometry":{"type":"LineString","coordinates":[[-73.9771034178955,40.3390911831542],[-73.9770953132362,40.3393402720028]]}},{"type":"Feature","id":232834,"properties":{"OBJECTID":232834,"PRIMENAME":"Woodmere Avenue","ELEVTYP_F":0,"ELEVTYP_T":0},"geometry":{"type":"LineString","coordinates":[[-73.9873175108673,40.3629915293202],[-73.987352162649,40.3631025877681],[-73.9876800790963,40.3641535230516],[-73.9880906831845,40.3655662530048],[-73.9881117061453,40.3656385446398]]}},{"type":"Feature","id":234430,"properties":{"OBJECTID":234430,"PRIMENAME":"Unnamed Segment","ELEVTYP_F":0,"ELEVTYP_T":0},"geometry":{"type":"LineString","coordinates":[[-74.0113202420036,40.3443596525845],[-74.011248695208,40.3445735962489],[-74.0110022965753,40.3459785465206]]}},{"type":"Feature","id":234709,"properties":{"OBJECTID":234709,"PRIMENAME":"First Street","ELEVTYP_F":0,"ELEVTYP_T":0},"geometry":{"type":"LineString","coordinates":[[-74.0116262762928,40.3721449241565],[-74.01167140635,40.3722077871316],[-74.012088308904,40.3727885049714],[-74.0121309810931,40.3728387843649]]}},{"type":"Feature","id":235446,"properties":{"OBJECTID":235446,"PRIMENAME":"Seven Bridges Road","ELEVTYP_F":0,"ELEVTYP_T":0},"geometry":{"type":"LineString","coordinates":[[-74.0329058842328,40.3393219206026],[-74.0336457445649,40.3400293771835],[-74.0337138575922,40.3400939448365]]}},{"type":"Feature","id":235723,"properties":{"OBJECTID":235723,"PRIMENAME":"Buttonwood Drive","ELEVTYP_F":0,"ELEVTYP_T":0},"geometry":{"type":"LineString","coordinates":[[-74.0269907634875,40.359485340403],[-74.0267431053904,40.3593893169082],[-74.0264636715439,40.35925472939],[-74.0261967932431,40.3591106673665],[-74.0260230235494,40.359009866236],[-74.0258679530743,40.3589139176437],[-74.0257574561245,40.3588379442857]]}},{"type":"Feature","id":237900,"properties":{"OBJECTID":237900,"PRIMENAME":"Laurel Drive","ELEVTYP_F":0,"ELEVTYP_T":0},"geometry":{"type":"LineString","coordinates":[[-74.0331239146035,40.3620156807821],[-74.0329735994444,40.3620549888463],[-74.0324982021939,40.3623199547105],[-74.0324232205937,40.3623530053188],[-74.0323730789991,40.3623957094969],[-74.0323700731248,40.3623996232709]]}},{"type":"Feature","id":237910,"properties":{"OBJECTID":237910,"PRIMENAME":"Heathcliff Road","ELEVTYP_F":0,"ELEVTYP_T":0},"geometry":{"type":"LineString","coordinates":[[-74.0037383160449,40.3541181143757],[-74.0035313642469,40.3538364487814],[-74.0033277206825,40.3535686327889],[-74.0030440064964,40.353190912012],[-74.0028835429329,40.3529805179137],[-74.0028096058251,40.3528658356279],[-74.0027541906329,40.3527798105333],[-74.0027424745707,40.3526796709786],[-74.0027558710157,40.3525510338547],[-74.0027878898668,40.3524320308741],[-74.0028572273836,40.3523227135639],[-74.002920042079,40.3522514989802],[-74.0030139654533,40.3521851671621],[-74.0030890548901,40.3521378328144],[-74.0032453026572,40.3520717964713],[-74.0034077907199,40.3519914564717],[-74.0036453360618,40.3518876098809],[-74.0038327607262,40.3518121803569],[-74.0039576514977,40.3517698081944],[-74.0040574676481,40.3517511847926],[-74.0041759773627,40.3517326414426],[-74.004306657345,40.3517475038918],[-74.0044933491037,40.3517768814656],[-74.004710872996,40.3518492977259],[-74.0048089131377,40.3518819463644]]}},{"type":"Feature","id":238180,"properties":{"OBJECTID":238180,"PRIMENAME":"East River Road","ELEVTYP_F":0,"ELEVTYP_T":0},"geometry":{"type":"LineString","coordinates":[[-74.0018857141436,40.374985623319],[-74.0016272167442,40.3746653143445]]}},{"type":"Feature","id":238272,"properties":{"OBJECTID":238272,"PRIMENAME":"Hillside Place","ELEVTYP_F":0,"ELEVTYP_T":0},"geometry":{"type":"LineString","coordinates":[[-74.0217757860113,40.36330242865],[-74.0218311929878,40.3632724337845],[-74.0224691657088,40.3629271456277],[-74.022650322257,40.3628208306906]]}},{"type":"Feature","id":239481,"properties":{"OBJECTID":239481,"PRIMENAME":"Rumson Road","ELEVTYP_F":0,"ELEVTYP_T":0},"geometry":{"type":"LineString","coordinates":[[-74.0303199793073,40.3472716812909],[-74.0301211489468,40.3473318451005],[-74.0297915830077,40.3474321046304]]}},{"type":"Feature","id":240349,"properties":{"OBJECTID":240349,"PRIMENAME":"Park Road","ELEVTYP_F":0,"ELEVTYP_T":0},"geometry":{"type":"LineString","coordinates":[[-73.9770953132362,40.3393402720028],[-73.9770912884628,40.3394639879484]]}},{"type":"Feature","id":240880,"properties":{"OBJECTID":240880,"PRIMENAME":"Ridge Road","ELEVTYP_F":0,"ELEVTYP_T":0},"geometry":{"type":"LineString","coordinates":[[-73.9991093016214,40.369199318483],[-73.9983829150693,40.3693625826904],[-73.9979148154388,40.3694653894209],[-73.9977259053612,40.3695013542488]]}},{"type":"Feature","id":240946,"properties":{"OBJECTID":240946,"PRIMENAME":"Washington Avenue","ELEVTYP_F":0,"ELEVTYP_T":0},"geometry":{"type":"LineString","coordinates":[[-73.9772394428003,40.3631130746089],[-73.9781091371533,40.3631837925998]]}},{"type":"Feature","id":241274,"properties":{"OBJECTID":241274,"PRIMENAME":"East River Road","ELEVTYP_F":0,"ELEVTYP_T":0},"geometry":{"type":"LineString","coordinates":[[-74.0014563588227,40.3744535970554],[-74.0013586509976,40.3743325252444]]}},{"type":"Feature","id":242781,"properties":{"OBJECTID":242781,"PRIMENAME":"Rumson Road","ELEVTYP_F":0,"ELEVTYP_T":0},"geometry":{"type":"LineString","coordinates":[[-73.9889899340542,40.3654831804766],[-73.988488523148,40.3655744096642],[-73.9881117061453,40.3656385446398]]}},{"type":"Feature","id":242862,"properties":{"OBJECTID":242862,"PRIMENAME":"Unnamed Segment","ELEVTYP_F":0,"ELEVTYP_T":0},"geometry":{"type":"LineString","coordinates":[[-74.01435254104,40.3570736973235],[-74.0143030584832,40.3570935794161],[-74.0142386874292,40.3571341589195],[-74.0141741415379,40.3571992506192]]}},{"type":"Feature","id":243042,"properties":{"OBJECTID":243042,"PRIMENAME":"Denormandie Avenue","ELEVTYP_F":0,"ELEVTYP_T":0},"geometry":{"type":"LineString","coordinates":[[-74.0357114202131,40.3664187452211],[-74.035833661703,40.3665440864425],[-74.0362420639424,40.3669556079751],[-74.0362430976605,40.3669566550707]]}},{"type":"Feature","id":243051,"properties":{"OBJECTID":243051,"PRIMENAME":"Ridge Road","ELEVTYP_F":0,"ELEVTYP_T":0},"geometry":{"type":"LineString","coordinates":[[-73.9961079372142,40.3696313827501],[-73.9957885366117,40.3696610386633],[-73.9955078442513,40.3697027492905],[-73.9952881521773,40.3697526862816],[-73.9951582811177,40.3697822064389],[-73.9948023664173,40.3698855181322]]}},{"type":"Feature","id":243408,"properties":{"OBJECTID":243408,"PRIMENAME":"Azalea Lane","ELEVTYP_F":0,"ELEVTYP_T":0},"geometry":{"type":"LineString","coordinates":[[-74.0113598415975,40.364616601842],[-74.0114516125904,40.364720482991],[-74.0115319562477,40.3648113861016],[-74.0116373447507,40.3648833155891],[-74.0117366279887,40.3649409439365],[-74.0118420844472,40.3650033482717],[-74.0119163937072,40.3650703692815],[-74.0120278214579,40.3651757055094],[-74.0125893504955,40.3659263000462],[-74.012842468583,40.3662514618939],[-74.0129597664922,40.3664044788049],[-74.0130522937301,40.366533534946],[-74.0131139782932,40.3666195813364],[-74.0131631760226,40.3667103512647],[-74.0131564165473,40.3667818081119],[-74.0130994326287,40.3669102347362]]}},{"type":"Feature","id":244117,"properties":{"OBJECTID":244117,"PRIMENAME":"Hillcrest Road","ELEVTYP_F":0,"ELEVTYP_T":0},"geometry":{"type":"LineString","coordinates":[[-74.0280533502466,40.3591135089446],[-74.027950393143,40.3590828647928],[-74.0278757017943,40.359069272643],[-74.0277818109237,40.3590662270143],[-74.027708684386,40.3590752339287],[-74.0276584295435,40.3590929272998]]}},{"type":"Feature","id":245129,"properties":{"OBJECTID":245129,"PRIMENAME":"River Road","ELEVTYP_F":0,"ELEVTYP_T":0},"geometry":{"type":"LineString","coordinates":[[-74.0292508331316,40.3680103084508],[-74.0292335584513,40.368022261782],[-74.0290772687258,40.3680978869368],[-74.0285145020947,40.3683767825489],[-74.0284546185736,40.368405197911]]}},{"type":"Feature","id":245664,"properties":{"OBJECTID":245664,"PRIMENAME":"Willow Street","ELEVTYP_F":0,"ELEVTYP_T":0},"geometry":{"type":"LineString","coordinates":[[-74.0310393687485,40.3653672675463],[-74.0317880080853,40.365009830719],[-74.0319146827511,40.3649494002131]]}},{"type":"Feature","id":245700,"properties":{"OBJECTID":245700,"PRIMENAME":"Carton Street","ELEVTYP_F":0,"ELEVTYP_T":0},"geometry":{"type":"LineString","coordinates":[[-73.9990430818275,40.3712935190129],[-73.9991329249561,40.3712538834169],[-74.0008237025093,40.3705078351481],[-74.0008989616228,40.370474640593]]}},{"type":"Feature","id":247282,"properties":{"OBJECTID":247282,"PRIMENAME":"River Road","ELEVTYP_F":0,"ELEVTYP_T":0},"geometry":{"type":"LineString","coordinates":[[-74.0134900136239,40.3747123000304],[-74.0124650305364,40.3751404585879]]}},{"type":"Feature","id":247556,"properties":{"OBJECTID":247556,"PRIMENAME":"Grant Avenue","ELEVTYP_F":0,"ELEVTYP_T":0},"geometry":{"type":"LineString","coordinates":[[-73.9785298681461,40.3623383090382],[-73.9784538030714,40.3623129847862],[-73.9777001367726,40.3619832421347],[-73.9774851420098,40.3618891764794]]}},{"type":"Feature","id":249111,"properties":{"OBJECTID":249111,"PRIMENAME":"Shrewsbury River Bridge","ELEVTYP_F":0,"ELEVTYP_T":0},"geometry":{"type":"LineString","coordinates":[[-73.9755373840966,40.3658121672368],[-73.9751173555356,40.3657754273977],[-73.9747563551401,40.3657466663691]]}},{"type":"Feature","id":249199,"properties":{"OBJECTID":249199,"PRIMENAME":"Rumson Road","ELEVTYP_F":0,"ELEVTYP_T":0},"geometry":{"type":"LineString","coordinates":[[-74.0118298126981,40.3563511957331],[-74.0115356824225,40.3565484578783],[-74.0112351869751,40.3567473675747],[-74.0110708934155,40.3568538999444],[-74.0109723490573,40.3569142339031],[-74.0108785989849,40.3569567452934],[-74.0107567887011,40.3569991099938],[-74.0106397293478,40.3570343840426],[-74.0104946462403,40.3570695123504],[-74.0102465646905,40.3571256443265],[-74.0098113277521,40.3572238896282],[-74.0093527653247,40.3573220352394],[-74.0089907489911,40.3573978853818]]}},{"type":"Feature","id":249891,"properties":{"OBJECTID":249891,"PRIMENAME":"Horatius Way","ELEVTYP_F":0,"ELEVTYP_T":0},"geometry":{"type":"LineString","coordinates":[[-73.9955522192721,40.3574483230176],[-73.9956179587439,40.3574147624476],[-73.9958493617253,40.3572966299502],[-73.9960933581568,40.3571594454928],[-73.9964249032453,40.3569750685677]]}},{"type":"Feature","id":250753,"properties":{"OBJECTID":250753,"PRIMENAME":"Hillcrest Road","ELEVTYP_F":0,"ELEVTYP_T":0},"geometry":{"type":"LineString","coordinates":[[-74.0257276323432,40.3602517013178],[-74.0254524373965,40.3604182490005],[-74.0250645324147,40.3606549387026],[-74.0249094652915,40.360747363163]]}},{"type":"Feature","id":250912,"properties":{"OBJECTID":250912,"PRIMENAME":"Pompano Road","ELEVTYP_F":0,"ELEVTYP_T":0},"geometry":{"type":"LineString","coordinates":[[-73.9963765788634,40.3584925600812],[-73.9964388513348,40.3584573078478],[-73.9966640476327,40.3583296214626],[-73.996933055505,40.3581782697282],[-73.9971708425178,40.3580363348113],[-73.9973334591764,40.3579512549036],[-73.9975084213995,40.3578805307035],[-73.997733366274,40.3577861948461],[-73.9979895641548,40.357687190146],[-73.9981270284195,40.3576353815811],[-73.9982020923196,40.3575927724571],[-73.9982835764258,40.3575264455313],[-73.9984574855056,40.3573525649195],[-73.9986727575504,40.3571373290183],[-73.9990431322126,40.3567576549683],[-73.9991181578612,40.3567150729951],[-73.9992180179477,40.3566916769492],[-73.9992829376046,40.3566764479484]]}},{"type":"Feature","id":252041,"properties":{"OBJECTID":252041,"PRIMENAME":"Rustic Terrace","ELEVTYP_F":0,"ELEVTYP_T":0},"geometry":{"type":"LineString","coordinates":[[-74.0237419497913,40.3621171844942],[-74.0238078554083,40.3621605825243],[-74.0239753192343,40.3622708871416],[-74.0240744741188,40.3623475558238],[-74.0241733605707,40.362457577933],[-74.0243649907405,40.3626680704719],[-74.0249584947606,40.3633329772169]]}},{"type":"Feature","id":252137,"properties":{"OBJECTID":252137,"PRIMENAME":"River Street","ELEVTYP_F":0,"ELEVTYP_T":0},"geometry":{"type":"LineString","coordinates":[[-73.9759049457785,40.362466255842],[-73.9753386139284,40.362470194364]]}},{"type":"Feature","id":252705,"properties":{"OBJECTID":252705,"PRIMENAME":"Blossom Road","ELEVTYP_F":0,"ELEVTYP_T":0},"geometry":{"type":"LineString","coordinates":[[-73.9971014790585,40.3682112901567],[-73.9970316309224,40.3682988598345],[-73.9969408493546,40.3683877929587],[-73.9968378959279,40.368462754456],[-73.9967377707224,40.3685195008742],[-73.9966314706949,40.3685714712177],[-73.9965003345357,40.3686090310647],[-73.9963817222909,40.3686370921383],[-73.9961323292307,40.3686598342657],[-73.9951779398027,40.3687253444796]]}},{"type":"Feature","id":252892,"properties":{"OBJECTID":252892,"PRIMENAME":"3rd Street","ELEVTYP_F":0,"ELEVTYP_T":0},"geometry":{"type":"LineString","coordinates":[[-74.0375845467574,40.359446402286],[-74.0370577165989,40.3597599092444],[-74.0366409519156,40.3599936393734]]}},{"type":"Feature","id":253488,"properties":{"OBJECTID":253488,"PRIMENAME":"Linden Drive","ELEVTYP_F":0,"ELEVTYP_T":0},"geometry":{"type":"LineString","coordinates":[[-74.03233541006,40.3611889399897],[-74.0322189612543,40.3612560276331],[-74.0320875940639,40.3613317298532],[-74.031956361795,40.361393158085],[-74.0318251245458,40.3614450599841],[-74.0316877787734,40.3614874387566],[-74.0315907386868,40.3615023820301],[-74.0314376681347,40.3615259561173]]}},{"type":"Feature","id":253541,"properties":{"OBJECTID":253541,"PRIMENAME":"Sunset Lane","ELEVTYP_F":0,"ELEVTYP_T":0},"geometry":{"type":"LineString","coordinates":[[-73.9754853116553,40.3448748971219],[-73.9758686048781,40.3448812999916]]}},{"type":"Feature","id":253570,"properties":{"OBJECTID":253570,"PRIMENAME":"Black Point Road","ELEVTYP_F":0,"ELEVTYP_T":0},"geometry":{"type":"LineString","coordinates":[[-73.9914152437166,40.3734605110328],[-73.9917544866292,40.3734774025765],[-73.991835552605,40.3734797087142]]}},{"type":"Feature","id":253973,"properties":{"OBJECTID":253973,"PRIMENAME":"Cedar Avenue","ELEVTYP_F":0,"ELEVTYP_T":0},"geometry":{"type":"LineString","coordinates":[[-73.9937472597933,40.3735609769968],[-73.9937187144426,40.3734903836803],[-73.9934535296882,40.3728345526524]]}},{"type":"Feature","id":254961,"properties":{"OBJECTID":254961,"PRIMENAME":"Center Street","ELEVTYP_F":0,"ELEVTYP_T":0},"geometry":{"type":"LineString","coordinates":[[-73.9741759183777,40.359673533273],[-73.9760756597754,40.3597361521769]]}},{"type":"Feature","id":255885,"properties":{"OBJECTID":255885,"PRIMENAME":"River Street","ELEVTYP_F":0,"ELEVTYP_T":0},"geometry":{"type":"LineString","coordinates":[[-73.9753386139284,40.362470194364],[-73.9742475803309,40.3624778119244],[-73.9741105185946,40.3624787541002]]}},{"type":"Feature","id":256240,"properties":{"OBJECTID":256240,"PRIMENAME":"Bellevue Avenue","ELEVTYP_F":0,"ELEVTYP_T":0},"geometry":{"type":"LineString","coordinates":[[-74.0055433524064,40.3528335220865],[-74.0054925140189,40.3527638241249],[-74.0054204721124,40.3526709860486],[-74.005275887422,40.3524846609491],[-74.0050333138369,40.3521720568789],[-74.0049115152481,40.3520122872076],[-74.0048089131377,40.3518819463644]]}},{"type":"Feature","id":257371,"properties":{"OBJECTID":257371,"PRIMENAME":"Grant Avenue","ELEVTYP_F":0,"ELEVTYP_T":0},"geometry":{"type":"LineString","coordinates":[[-73.9809127226818,40.362556536746],[-73.9798698476073,40.362471005623]]}},{"type":"Feature","id":257674,"properties":{"OBJECTID":257674,"PRIMENAME":"Unnamed Segment","ELEVTYP_F":0,"ELEVTYP_T":0},"geometry":{"type":"LineString","coordinates":[[-74.0016272167442,40.3746653143445],[-74.001799425228,40.374586190641],[-74.0019834267643,40.3745171902916],[-74.0020074268198,40.3745161903502],[-74.0020894263738,40.3745481903279],[-74.0022184257788,40.3745841905842]]}},{"type":"Feature","id":258548,"properties":{"OBJECTID":258548,"PRIMENAME":"Hillcrest Road","ELEVTYP_F":0,"ELEVTYP_T":0},"geometry":{"type":"LineString","coordinates":[[-74.0282368466156,40.3591785495039],[-74.0283398915079,40.3591194269623],[-74.0295032751663,40.3584521722118],[-74.0296081189294,40.3583920669342]]}},{"type":"Feature","id":258794,"properties":{"OBJECTID":258794,"PRIMENAME":"Unnamed Segment","ELEVTYP_F":0,"ELEVTYP_T":0},"geometry":{"type":"LineString","coordinates":[[-73.9759884179522,40.3473431850108],[-73.9760724175481,40.3473081853116],[-73.9761844169628,40.3472881865902]]}},{"type":"Feature","id":259270,"properties":{"OBJECTID":259270,"PRIMENAME":"Barley Point Road","ELEVTYP_F":0,"ELEVTYP_T":0},"geometry":{"type":"LineString","coordinates":[[-73.9928491666114,40.3735269496723],[-73.9928974241689,40.3736631903702],[-73.9929874235518,40.3739011898173],[-73.993410425159,40.3748421903409],[-73.9934284237999,40.3749091907762],[-73.993434424315,40.3749301904015],[-73.9934724236385,40.3750921903008],[-73.9935514239847,40.3753141915439],[-73.9937424241268,40.3757511916858],[-73.9939444229099,40.3761641914717],[-73.9939874237474,40.376285191347],[-73.9939864247844,40.3763341920092],[-73.9939814229712,40.3764371913812],[-73.9939734238969,40.3767701917266],[-73.9939824248478,40.3769371909945],[-73.9940624239722,40.3773471915443],[-73.9940844244291,40.377525191403],[-73.994083423191,40.3776281911476],[-73.994074425407,40.3777201923495],[-73.9940164237006,40.3779821921361],[-73.993874424536,40.3785611919065],[-73.993813424963,40.3787111921918],[-73.9937914243612,40.3787511926205],[-73.9937690935099,40.3787819725935]]}},{"type":"Feature","id":259793,"properties":{"OBJECTID":259793,"PRIMENAME":"Narumsunk Street","ELEVTYP_F":0,"ELEVTYP_T":0},"geometry":{"type":"LineString","coordinates":[[-74.0080291599135,40.370680169786],[-74.0083432101124,40.3705471837447],[-74.0088427142346,40.3703443792888]]}},{"type":"Feature","id":260377,"properties":{"OBJECTID":260377,"PRIMENAME":"South Woodland Drive","ELEVTYP_F":0,"ELEVTYP_T":0},"geometry":{"type":"LineString","coordinates":[[-74.0243792308486,40.3641958232023],[-74.0243788135213,40.3642551994234],[-74.0242142050792,40.3646262198761],[-74.0241865443516,40.3646555617782]]}},{"type":"Feature","id":260442,"properties":{"OBJECTID":260442,"PRIMENAME":"Ridge Road","ELEVTYP_F":0,"ELEVTYP_T":0},"geometry":{"type":"LineString","coordinates":[[-74.0209765849227,40.359233341147],[-74.0206546933835,40.359415193189],[-74.0201855141863,40.359684911325],[-74.0197347893323,40.3599880588001],[-74.0192278735453,40.3603100214519],[-74.0189821063613,40.3604639372595]]}},{"type":"Feature","id":260696,"properties":{"OBJECTID":260696,"PRIMENAME":"Riverview Place","ELEVTYP_F":0,"ELEVTYP_T":0},"geometry":{"type":"LineString","coordinates":[[-73.9751395717921,40.3796401114767],[-73.9751365725587,40.3796010621194],[-73.9750993402951,40.3791162876889]]}},{"type":"Feature","id":261332,"properties":{"OBJECTID":261332,"PRIMENAME":"Willow Way","ELEVTYP_F":0,"ELEVTYP_T":0},"geometry":{"type":"LineString","coordinates":[[-73.9745820173395,40.3801174629181],[-73.9746714288988,40.3801136964337],[-73.9757873219892,40.3800663003384],[-73.9758371059063,40.3800760521183],[-73.9758619074579,40.3800904667689]]}},{"type":"Feature","id":261356,"properties":{"OBJECTID":261356,"PRIMENAME":"Club Way","ELEVTYP_F":0,"ELEVTYP_T":0},"geometry":{"type":"LineString","coordinates":[[-74.0193810205932,40.3458830082303],[-74.0193829502968,40.3459036807847],[-74.0194322090805,40.3459849512484],[-74.0194875736465,40.3460804944531],[-74.019549114049,40.3461855885677],[-74.0196232064108,40.3462812094947],[-74.0197469938673,40.3463865899264],[-74.0198953497278,40.3465540306826],[-74.020469908543,40.347223632501],[-74.0206862178561,40.3474628385818],[-74.0210691758997,40.3479219383857],[-74.0214521738607,40.348376287928],[-74.0216808385837,40.3486298455629],[-74.0218537995914,40.3488354893322],[-74.0220452863719,40.3490650370033],[-74.0222552979343,40.3493185172987],[-74.0224592044048,40.3495528926185],[-74.022700228573,40.3498255506859],[-74.0230092174051,40.3501842493772],[-74.0230096422162,40.3501847726057],[-74.0232311942883,40.3504569070208],[-74.0233674045447,40.3506242148121],[-74.0234410765195,40.3507147797567]]}},{"type":"Feature","id":261674,"properties":{"OBJECTID":261674,"PRIMENAME":"River Road","ELEVTYP_F":0,"ELEVTYP_T":0},"geometry":{"type":"LineString","coordinates":[[-74.0317035047664,40.3662316159285],[-74.031200822573,40.3664670370556],[-74.0310571257003,40.3665284136695],[-74.030950723987,40.3665994666206],[-74.0308542401914,40.3666684458842]]}},{"type":"Feature","id":262214,"properties":{"OBJECTID":262214,"PRIMENAME":"Elm Place","ELEVTYP_F":0,"ELEVTYP_T":0},"geometry":{"type":"LineString","coordinates":[[-74.0317035047664,40.3662316159285],[-74.0316366924793,40.3661673552293],[-74.0309249072882,40.3654829239333],[-74.0308821970317,40.3654418747798]]}},{"type":"Feature","id":262265,"properties":{"OBJECTID":262265,"PRIMENAME":"Church Street","ELEVTYP_F":0,"ELEVTYP_T":0},"geometry":{"type":"LineString","coordinates":[[-74.0128879550484,40.372520652413],[-74.014005077337,40.3720511501149],[-74.0140813646412,40.3720190780116]]}},{"type":"Feature","id":262508,"properties":{"OBJECTID":262508,"PRIMENAME":"Buena Vista Avenue","ELEVTYP_F":0,"ELEVTYP_T":0},"geometry":{"type":"LineString","coordinates":[[-74.0137661050847,40.3552441763031],[-74.0139673839335,40.355402952079],[-74.0140741062048,40.3555071769302],[-74.0143447824623,40.3557715141845],[-74.0146810639274,40.3561097875068],[-74.0147777208838,40.3562070155508],[-74.0151835390619,40.3566156631196]]}},{"type":"Feature","id":263376,"properties":{"OBJECTID":263376,"PRIMENAME":"Break Water Cove","ELEVTYP_F":0,"ELEVTYP_T":0},"geometry":{"type":"LineString","coordinates":[[-73.9758074153081,40.3425351843388],[-73.9758338106113,40.3422143292166],[-73.9758524162473,40.3419881845136],[-73.9758594169551,40.3419591837649],[-73.9760284164135,40.3415381855641],[-73.9760554158435,40.3414361839871]]}},{"type":"Feature","id":263782,"properties":{"OBJECTID":263782,"PRIMENAME":"The Circle","ELEVTYP_F":0,"ELEVTYP_T":0},"geometry":{"type":"LineString","coordinates":[[-73.9847387724982,40.3397489431904],[-73.9847062003433,40.3397580225587],[-73.9846459081762,40.3397891038131],[-73.9845992378565,40.3398264773383],[-73.9845742824437,40.3398764936791],[-73.9846038324027,40.3399392980603],[-73.9846580632318,40.3399833797823],[-73.984742530957,40.340004647585],[-73.9848327865027,40.3399820721893],[-73.9848932521242,40.3399280412191],[-73.9849045514521,40.3398717053726],[-73.9848995466059,40.3398174107477],[-73.9848739457508,40.3397166309589]]}},{"type":"Feature","id":263887,"properties":{"OBJECTID":263887,"PRIMENAME":"West Cherry Lane","ELEVTYP_F":0,"ELEVTYP_T":0},"geometry":{"type":"LineString","coordinates":[[-74.0060992444697,40.369433951498],[-74.0061749460248,40.369437871051],[-74.0062410399207,40.3694598948716],[-74.0062833950037,40.3694890098819],[-74.0063349600152,40.369554372903],[-74.006374184804,40.3696090600982]]}},{"type":"Feature","id":265764,"properties":{"OBJECTID":265764,"PRIMENAME":"Belknap Lane","ELEVTYP_F":0,"ELEVTYP_T":0},"geometry":{"type":"LineString","coordinates":[[-73.9852449360937,40.3677086018294],[-73.9852460910964,40.3675567831301],[-73.9852765377127,40.367295632876],[-73.9853307021544,40.3669126477608],[-73.9853549453604,40.3667168045841],[-73.9853574292974,40.3663902221159],[-73.9853313542513,40.3660765791292],[-73.9853150008699,40.3659806991177],[-73.9852759270316,40.3658803543492],[-73.9852198671921,40.365762528955],[-73.9851861330463,40.3656916347645]]}},{"type":"Feature","id":266211,"properties":{"OBJECTID":266211,"PRIMENAME":"River Road","ELEVTYP_F":0,"ELEVTYP_T":0},"geometry":{"type":"LineString","coordinates":[[-74.0366961693778,40.3638993487147],[-74.0361052864347,40.364180252136]]}},{"type":"Feature","id":266246,"properties":{"OBJECTID":266246,"PRIMENAME":"Unnamed Segment","ELEVTYP_F":0,"ELEVTYP_T":0},"geometry":{"type":"LineString","coordinates":[[-73.9950792067875,40.3678524360279],[-73.9947274255048,40.3678111892245],[-73.9946954232638,40.3677971893471],[-73.9946834227905,40.3677811891567],[-73.9946784242391,40.3677521898985],[-73.9946894242259,40.3677321895576],[-73.9947244245833,40.3677221894839],[-73.9947704230187,40.367723189314],[-73.9950739333882,40.3677627310753]]}},{"type":"Feature","id":266517,"properties":{"OBJECTID":266517,"PRIMENAME":"Oyster Bay Drive","ELEVTYP_F":0,"ELEVTYP_T":0},"geometry":{"type":"LineString","coordinates":[[-73.9844511781919,40.3585855659527],[-73.9845993281371,40.3587626037895],[-73.9846297488522,40.3588163270165]]}},{"type":"Feature","id":266707,"properties":{"OBJECTID":266707,"PRIMENAME":"Maplewood Avenue","ELEVTYP_F":0,"ELEVTYP_T":0},"geometry":{"type":"LineString","coordinates":[[-74.0014563588227,40.3744535970554],[-74.0013750797057,40.374494698879],[-73.9994890552239,40.3754489550225],[-73.9994223294488,40.3754827061316]]}},{"type":"Feature","id":268450,"properties":{"OBJECTID":268450,"PRIMENAME":"Kemp Avenue","ELEVTYP_F":0,"ELEVTYP_T":0},"geometry":{"type":"LineString","coordinates":[[-74.0232962047588,40.357891938031],[-74.0245149044625,40.3590703834272],[-74.0256349232274,40.3601616362929],[-74.0257276323432,40.3602517013178]]}},{"type":"Feature","id":268534,"properties":{"OBJECTID":268534,"PRIMENAME":"Oak Lane","ELEVTYP_F":0,"ELEVTYP_T":0},"geometry":{"type":"LineString","coordinates":[[-74.009287419829,40.3701748577392],[-74.0092829702646,40.3701350338645],[-74.0092929876828,40.3700554663792],[-74.0092747821346,40.3699576878429],[-74.0092753069782,40.3698853275842],[-74.0093064463644,40.369854707117]]}},{"type":"Feature","id":268625,"properties":{"OBJECTID":268625,"PRIMENAME":"Willow Street","ELEVTYP_F":0,"ELEVTYP_T":0},"geometry":{"type":"LineString","coordinates":[[-74.0308821970317,40.3654418747798],[-74.0309565502973,40.3654068187042],[-74.0310393687485,40.3653672675463]]}},{"type":"Feature","id":268673,"properties":{"OBJECTID":268673,"PRIMENAME":"Gillespie Avenue","ELEVTYP_F":0,"ELEVTYP_T":0},"geometry":{"type":"LineString","coordinates":[[-74.0350247608901,40.3672890910217],[-74.0347507947084,40.3669993333396]]}},{"type":"Feature","id":269596,"properties":{"OBJECTID":269596,"PRIMENAME":"Hunt Street","ELEVTYP_F":0,"ELEVTYP_T":0},"geometry":{"type":"LineString","coordinates":[[-74.0107158746227,40.3771901128521],[-74.0108361622808,40.3771400828684],[-74.0113949338029,40.3769077051801]]}},{"type":"Feature","id":269660,"properties":{"OBJECTID":269660,"PRIMENAME":"Seven Bridges Road","ELEVTYP_F":0,"ELEVTYP_T":0},"geometry":{"type":"LineString","coordinates":[[-74.0337138575922,40.3400939448365],[-74.0343573579867,40.3407042404487],[-74.034549192326,40.3408860850463],[-74.0347677570724,40.3410989210966]]}},{"type":"Feature","id":270336,"properties":{"OBJECTID":270336,"PRIMENAME":"Barley Point Road","ELEVTYP_F":0,"ELEVTYP_T":0},"geometry":{"type":"LineString","coordinates":[[-73.9926004224744,40.3791621919152],[-73.9923484125435,40.379207682602],[-73.9922076170213,40.3793621573586],[-73.9921515227165,40.3797483769703],[-73.9921218727522,40.3801550501347],[-73.9921706901304,40.3802951031732],[-73.9922398011405,40.3803894808184],[-73.9923587799527,40.3804840764374],[-73.9926974502303,40.3805440396916],[-73.9936113123946,40.3806014388517],[-73.9939371604549,40.3805977802065],[-73.9940702784433,40.3805805650184],[-73.9942336955877,40.3805126317751],[-73.9944308179357,40.3803838233507],[-73.9945312952678,40.3802851060535],[-73.9946022323461,40.3801354055443],[-73.9946399816433,40.3799779341992],[-73.9946179446069,40.379812574012],[-73.9945474253748,40.3794613978569],[-73.9944891799706,40.3792475705569],[-73.9944232976307,40.3791659209573],[-73.9943505965072,40.3791071260005],[-73.9942775319667,40.3790966355178],[-73.9941475916965,40.3791342059275],[-73.9940142293033,40.3791844738254],[-73.9938913159317,40.3791712224589],[-73.9938354091143,40.3790896170822],[-73.9937690935099,40.3787819725935]]}},{"type":"Feature","id":270836,"properties":{"OBJECTID":270836,"PRIMENAME":"East River Road","ELEVTYP_F":0,"ELEVTYP_T":0},"geometry":{"type":"LineString","coordinates":[[-73.9990430818275,40.3712935190129],[-73.9981316215937,40.3700573123831],[-73.9979176712542,40.3697641319614],[-73.9977861996224,40.3695839721412],[-73.9977259053612,40.3695013542488]]}},{"type":"Feature","id":271079,"properties":{"OBJECTID":271079,"PRIMENAME":"Washington Avenue","ELEVTYP_F":0,"ELEVTYP_T":0},"geometry":{"type":"LineString","coordinates":[[-73.9769275959417,40.3630876993028],[-73.9772394428003,40.3631130746089]]}},{"type":"Feature","id":271384,"properties":{"OBJECTID":271384,"PRIMENAME":"Black Point Horseshoe","ELEVTYP_F":0,"ELEVTYP_T":0},"geometry":{"type":"LineString","coordinates":[[-73.9875372919826,40.3752872706328],[-73.98739103688,40.3752522799192],[-73.987162770032,40.3751976821696],[-73.9847198192791,40.3746133287633],[-73.9843958428761,40.3745378481031],[-73.9835602926691,40.3743425065476],[-73.983514981284,40.3743161971745],[-73.9834926571634,40.3742594648653],[-73.9835219845052,40.3741463846692],[-73.9836331220743,40.3737593447629],[-73.9836970170536,40.3735941507686],[-73.9837549019777,40.3734637389691],[-73.9837893736102,40.3734290288406],[-73.9838406908005,40.3734162183401],[-73.983909062026,40.3734121868652],[-73.9839886780194,40.3734256087051],[-73.9842270262196,40.3735268156739],[-73.9843690087202,40.3735753523659],[-73.984550698694,40.3736415248904],[-73.9846926155905,40.3736987359137],[-73.9847607529038,40.3737208081149],[-73.9848461089107,40.3737299183278],[-73.9850113118147,40.3737175596201],[-73.9855467641695,40.3736851337393],[-73.9858828437087,40.3736648317582],[-73.9869598506371,40.3735520389165],[-73.9871754006415,40.3735316289239],[-73.9883216089469,40.373423091275],[-73.9884138527349,40.3733853416976]]}},{"type":"Feature","id":272804,"properties":{"OBJECTID":272804,"PRIMENAME":"Narumson Street","ELEVTYP_F":0,"ELEVTYP_T":0},"geometry":{"type":"LineString","coordinates":[[-74.0052218755417,40.3720663395293],[-74.0062562047718,40.3715281744816],[-74.0062875480057,40.3715118660856],[-74.0063364640491,40.3714435834193]]}},{"type":"Feature","id":273551,"properties":{"OBJECTID":273551,"PRIMENAME":"Rosalie Avenue","ELEVTYP_F":0,"ELEVTYP_T":0},"geometry":{"type":"LineString","coordinates":[[-73.9970173304183,40.3739010976482],[-73.9979796334833,40.3739879916132],[-73.998036675536,40.3739289433755]]}},{"type":"Feature","id":274061,"properties":{"OBJECTID":274061,"PRIMENAME":"First Street","ELEVTYP_F":0,"ELEVTYP_T":0},"geometry":{"type":"LineString","coordinates":[[-74.0134900136239,40.3747123000304],[-74.0141400840719,40.375652263531]]}},{"type":"Feature","id":274440,"properties":{"OBJECTID":274440,"PRIMENAME":"Peninsula Avenue","ELEVTYP_F":0,"ELEVTYP_T":0},"geometry":{"type":"LineString","coordinates":[[-73.9750761560942,40.363531442149],[-73.9754107733975,40.3635315878249]]}},{"type":"Feature","id":274445,"properties":{"OBJECTID":274445,"PRIMENAME":"Tyson Lane","ELEVTYP_F":0,"ELEVTYP_T":0},"geometry":{"type":"LineString","coordinates":[[-73.9829826400804,40.3717053811632],[-73.9826435841579,40.3706282510027],[-73.9824495020211,40.370011035181]]}},{"type":"Feature","id":275070,"properties":{"OBJECTID":275070,"PRIMENAME":"Buena Vista Avenue","ELEVTYP_F":0,"ELEVTYP_T":0},"geometry":{"type":"LineString","coordinates":[[-74.0257396997789,40.367399023982],[-74.0258932719566,40.3675579406868],[-74.0260401549213,40.3677087032266]]}},{"type":"Feature","id":275144,"properties":{"OBJECTID":275144,"PRIMENAME":"Mitchell Place","ELEVTYP_F":0,"ELEVTYP_T":0},"geometry":{"type":"LineString","coordinates":[[-74.0298513164789,40.3428130968506],[-74.0299278465228,40.3427607287757],[-74.030383844299,40.3424486678921],[-74.0307101569089,40.3422253535081],[-74.0311231999611,40.3419410887312],[-74.03119195328,40.3419079865518],[-74.0312479897347,40.3419082136559],[-74.0313102396402,40.341917991204],[-74.0313722563169,40.3419563733771],[-74.0316509329836,40.3421863135926],[-74.0318799816795,40.3423921426889],[-74.0319550409842,40.3424550363321],[-74.0320285837234,40.3425166619772],[-74.03227001696,40.3427320927103],[-74.032623038733,40.3430242626847],[-74.0328954192407,40.3432684227415],[-74.0331060466583,40.3434360702203],[-74.0335644539129,40.3438001482597],[-74.0339299064566,40.3441018626077],[-74.0343200248989,40.3444275036366],[-74.0350819861731,40.3450406332131],[-74.0351577405311,40.3451271093087]]}},{"type":"Feature","id":275166,"properties":{"OBJECTID":275166,"PRIMENAME":"Holly Tree Lane","ELEVTYP_F":0,"ELEVTYP_T":0},"geometry":{"type":"LineString","coordinates":[[-73.9911465563033,40.3713168574137],[-73.9912984694657,40.3712762932361],[-73.9915380318704,40.371216403603],[-73.9917091298944,40.3711779541888],[-73.9919997808582,40.3711400306319],[-73.9929390299473,40.3709826027053],[-73.993088601982,40.370957532337]]}},{"type":"Feature","id":276396,"properties":{"OBJECTID":276396,"PRIMENAME":"Rumson Road","ELEVTYP_F":0,"ELEVTYP_T":0},"geometry":{"type":"LineString","coordinates":[[-74.015934231385,40.3536974644152],[-74.0155355430596,40.3539023149967],[-74.0150619374812,40.3541362518118],[-74.0147055691987,40.3543134684831],[-74.0145414395704,40.3543985665716],[-74.0144569479613,40.3544518257716],[-74.0143911506384,40.3545051624996],[-74.0143236204031,40.3545704597436],[-74.0143064888654,40.3545870255027],[-74.0142451246188,40.3546725546643],[-74.0141836075282,40.3547795231108],[-74.0141267895698,40.3548865391831],[-74.01406534797,40.3549827739392],[-74.0139899730795,40.3550754096599],[-74.0139240882112,40.3551358833937],[-74.0138608644957,40.355179221711],[-74.0137661050847,40.3552441763031]]}},{"type":"Feature","id":277111,"properties":{"OBJECTID":277111,"PRIMENAME":"Oakes Road","ELEVTYP_F":0,"ELEVTYP_T":0},"geometry":{"type":"LineString","coordinates":[[-74.0329788705267,40.3462753197672],[-74.032934895767,40.3462213643187],[-74.0324284171805,40.3455997555156],[-74.0319774304928,40.3450593807844],[-74.0319145334034,40.3449818764961]]}},{"type":"Feature","id":278164,"properties":{"OBJECTID":278164,"PRIMENAME":"Brookside Farm Road","ELEVTYP_F":0,"ELEVTYP_T":0},"geometry":{"type":"LineString","coordinates":[[-74.0314635770249,40.3580144285012],[-74.0314387101655,40.3580966489135],[-74.0313583179353,40.358175990132],[-74.0311595750003,40.3583026508573],[-74.0310445638502,40.358368573242],[-74.0309091493039,40.3583733361292],[-74.0303464006721,40.3584294747503],[-74.029871509006,40.3586594571484]]}},{"type":"Feature","id":278337,"properties":{"OBJECTID":278337,"PRIMENAME":"Dogwood Lane","ELEVTYP_F":0,"ELEVTYP_T":0},"geometry":{"type":"LineString","coordinates":[[-74.0305356992573,40.3597638191973],[-74.0304908453901,40.3597906466864],[-74.0304119008473,40.3598314218996],[-74.0303549705158,40.359859465714],[-74.0302931430548,40.3598743410368],[-74.0302413972174,40.3598741308742],[-74.0301429100369,40.359845454934],[-74.0293800348422,40.3595838120112],[-74.0282368466156,40.3591785495039]]}},{"type":"Feature","id":279147,"properties":{"OBJECTID":279147,"PRIMENAME":"Shrewsbury Drive","ELEVTYP_F":0,"ELEVTYP_T":0},"geometry":{"type":"LineString","coordinates":[[-73.988389740775,40.3621063726486],[-73.9882863528704,40.3622199768912],[-73.9880743170087,40.3624163074186]]}},{"type":"Feature","id":279428,"properties":{"OBJECTID":279428,"PRIMENAME":"Holly Tree Lane","ELEVTYP_F":0,"ELEVTYP_T":0},"geometry":{"type":"LineString","coordinates":[[-73.9881388476568,40.3716955402954],[-73.9882378896597,40.3716982572485],[-73.9883802298248,40.3716945495247],[-73.9891666105436,40.3716065840145],[-73.9898846885185,40.3715182839753],[-73.990408904694,40.3714596248975],[-73.9905798738718,40.3714386095014],[-73.9907794346147,40.3714003138571],[-73.9910417916814,40.3713448361149],[-73.9911465563033,40.3713168574137]]}},{"type":"Feature","id":279632,"properties":{"OBJECTID":279632,"PRIMENAME":"Oceanic Bridge","ELEVTYP_F":0,"ELEVTYP_T":0},"geometry":{"type":"LineString","coordinates":[[-74.0143013734158,40.3816402027728],[-74.0144136344638,40.3817771264833],[-74.0151241902139,40.3826284482285],[-74.0158960229329,40.3835666605016],[-74.0158984363724,40.3835695958999],[-74.0159582753531,40.3836423302985],[-74.0163351932934,40.3841014179154],[-74.0165391872225,40.3843432574097],[-74.0166256658118,40.3844457790757],[-74.0166490037891,40.3844719593027],[-74.0167493161746,40.3845844872195],[-74.0168045035991,40.3847086348605],[-74.0168409554995,40.3848422573355],[-74.0168522211169,40.3850090741126],[-74.0168259456815,40.3851996164329],[-74.0167352682844,40.3856710772232],[-74.0166774231061,40.3859186694843],[-74.0166448331354,40.3861186835389],[-74.016637292826,40.3863045279681],[-74.016667261016,40.386471476933],[-74.0167408807689,40.3866338042763],[-74.0168398596175,40.3867390835214],[-74.0169576091985,40.3868348879531],[-74.0170941997319,40.3869117196102],[-74.0172432798229,40.3869790492086],[-74.0174361839328,40.387022761068],[-74.0176603147831,40.3870523015243],[-74.0178471098552,40.3870816570615],[-74.018242678906,40.387114408555]]}},{"type":"Feature","id":279677,"properties":{"OBJECTID":279677,"PRIMENAME":"Center Street","ELEVTYP_F":0,"ELEVTYP_T":0},"geometry":{"type":"LineString","coordinates":[[-73.9998492776232,40.3744844589256],[-73.9998153630908,40.3744400878204],[-73.9991104900861,40.3735181995972],[-73.9990560894103,40.3734436795634]]}},{"type":"Feature","id":280745,"properties":{"OBJECTID":280745,"PRIMENAME":"Broadmoor Drive","ELEVTYP_F":0,"ELEVTYP_T":0},"geometry":{"type":"LineString","coordinates":[[-74.0020883121255,40.3543474388919],[-74.0022051333054,40.3545885024621],[-74.0022972738512,40.3547699979411],[-74.0023648274216,40.354898983283],[-74.0024263478515,40.3550040862325],[-74.0025127719828,40.3551140733121],[-74.0026671013123,40.3553053630261],[-74.0029453864148,40.3555925253195],[-74.0031616937428,40.3558221826604],[-74.0031785586999,40.355838501915],[-74.0033596584834,40.3560137408291],[-74.0034084638812,40.3560619369713],[-74.003538964557,40.3561908063785],[-74.0036752339206,40.3563057835631],[-74.0038115367795,40.3564064575225],[-74.0038920013755,40.3564782872079],[-74.0039659428258,40.3565929966789],[-74.0041077223518,40.3567937828931],[-74.00429843846,40.3571281954029],[-74.004729506645,40.3578116162549],[-74.0047762598936,40.3578857164883]]}},{"type":"Feature","id":281633,"properties":{"OBJECTID":281633,"PRIMENAME":"Bingham Hill Lane","ELEVTYP_F":0,"ELEVTYP_T":0},"geometry":{"type":"LineString","coordinates":[[-73.9984780725306,40.3652793232001],[-73.9985370300642,40.3653579531971],[-73.9985404298513,40.365362496394],[-73.9986480476031,40.3655062082459],[-73.9987219205957,40.365635194958],[-73.9987833401781,40.3657546015024],[-73.9988198514007,40.3658691509604],[-73.9988500494205,40.36599797623],[-73.9988555534399,40.3660980620064],[-73.9988546357081,40.3662219754013],[-73.9988662410539,40.3663364169111]]}},{"type":"Feature","id":281707,"properties":{"OBJECTID":281707,"PRIMENAME":"Unnamed Segment","ELEVTYP_F":0,"ELEVTYP_T":0},"geometry":{"type":"LineString","coordinates":[[-73.9758214167976,40.3472291859992],[-73.97605241885,40.3469581850655],[-73.9760904181078,40.3469281854223],[-73.9761394161115,40.346909184782],[-73.9761934168797,40.3469041857631],[-73.9762464170853,40.3469131863926],[-73.9762934169783,40.3469351859285],[-73.9763274175,40.3469681856705],[-73.9763444167275,40.3470081848383],[-73.976344416795,40.3470501857428],[-73.9763314182419,40.3470791863594],[-73.9762394165855,40.3472021849297],[-73.9761844169628,40.3472881865902]]}},{"type":"Feature","id":281837,"properties":{"OBJECTID":281837,"PRIMENAME":"Park Avenue","ELEVTYP_F":0,"ELEVTYP_T":0},"geometry":{"type":"LineString","coordinates":[[-74.0063349249414,40.3735335064986],[-74.0060029563063,40.3730949746112],[-74.0052698322904,40.3721294368447],[-74.0052218755417,40.3720663395293]]}},{"type":"Feature","id":283487,"properties":{"OBJECTID":283487,"PRIMENAME":"Packer Avenue","ELEVTYP_F":0,"ELEVTYP_T":0},"geometry":{"type":"LineString","coordinates":[[-73.9768392607537,40.3650086126101],[-73.976877308199,40.3647555524763],[-73.9769164337869,40.3645317502138],[-73.976968196779,40.3642841496397],[-73.9770069536869,40.3641079745861],[-73.977018075627,40.3640574040037]]}},{"type":"Feature","id":283727,"properties":{"OBJECTID":283727,"PRIMENAME":"Hendrickson Place","ELEVTYP_F":0,"ELEVTYP_T":0},"geometry":{"type":"LineString","coordinates":[[-74.0342100271177,40.3586333269276],[-74.0337363429892,40.3589506831408],[-74.0333169959864,40.3592301528897],[-74.0332554370731,40.3592687494799]]}},{"type":"Feature","id":283744,"properties":{"OBJECTID":283744,"PRIMENAME":"Unnamed Segment","ELEVTYP_F":0,"ELEVTYP_T":0},"geometry":{"type":"LineString","coordinates":[[-74.0022184257788,40.3745841905842],[-74.0023444257544,40.3745641909225],[-74.0025214255344,40.3745041894639],[-74.0025944267167,40.3744721909872],[-74.002707428089,40.3744061903565],[-74.0028594275906,40.37434219008],[-74.0029044257804,40.3743361897643],[-74.0029894272378,40.3743431910632],[-74.0031304286129,40.3743761904939]]}},{"type":"Feature","id":283795,"properties":{"OBJECTID":283795,"PRIMENAME":"Shrewsbury Way","ELEVTYP_F":0,"ELEVTYP_T":0},"geometry":{"type":"LineString","coordinates":[[-73.9751395717921,40.3796401114767],[-73.9757063378146,40.3796219567834]]}},{"type":"Feature","id":283817,"properties":{"OBJECTID":283817,"PRIMENAME":"East Front Street","ELEVTYP_F":0,"ELEVTYP_T":0},"geometry":{"type":"LineString","coordinates":[[-74.0230422020118,40.370724695394],[-74.022712740827,40.3708591951996],[-74.0220703940482,40.3711214245685],[-74.0217717030206,40.3712477980056]]}},{"type":"Feature","id":283936,"properties":{"OBJECTID":283936,"PRIMENAME":"Henry Lane","ELEVTYP_F":0,"ELEVTYP_T":0},"geometry":{"type":"LineString","coordinates":[[-73.9757063378146,40.3796219567834],[-73.9757037548146,40.3795893327257],[-73.9756810594423,40.3793032651997]]}},{"type":"Feature","id":284824,"properties":{"OBJECTID":284824,"PRIMENAME":"Buttonwood Lane","ELEVTYP_F":0,"ELEVTYP_T":0},"geometry":{"type":"LineString","coordinates":[[-74.0265022424455,40.3489544268741],[-74.0264195673682,40.348873325248],[-74.0256585781084,40.3481267269516],[-74.0248933846156,40.3473780753421]]}},{"type":"Feature","id":286321,"properties":{"OBJECTID":286321,"PRIMENAME":"Second Street","ELEVTYP_F":0,"ELEVTYP_T":0},"geometry":{"type":"LineString","coordinates":[[-74.0149698599464,40.3754060730932],[-74.0146815576738,40.3750058790496]]}},{"type":"Feature","id":286418,"properties":{"OBJECTID":286418,"PRIMENAME":"Rumson Road","ELEVTYP_F":0,"ELEVTYP_T":0},"geometry":{"type":"LineString","coordinates":[[-74.0271201731476,40.3484866494844],[-74.026902349234,40.3486555764245],[-74.0266863454331,40.3488155606301],[-74.0265022424455,40.3489544268741]]}},{"type":"Feature","id":287237,"properties":{"OBJECTID":287237,"PRIMENAME":"Doughty Lane","ELEVTYP_F":0,"ELEVTYP_T":0},"geometry":{"type":"LineString","coordinates":[[-74.0293078152992,40.3650712207298],[-74.0292794689091,40.3651012473545],[-74.0292792443455,40.3651335292749],[-74.0292929988048,40.3651787986965],[-74.0300033433489,40.3658559038119]]}},{"type":"Feature","id":287530,"properties":{"OBJECTID":287530,"PRIMENAME":"River Road","ELEVTYP_F":0,"ELEVTYP_T":0},"geometry":{"type":"LineString","coordinates":[[-74.0106349268977,40.3759058246664],[-74.0099605022523,40.3761886321499]]}},{"type":"Feature","id":287980,"properties":{"OBJECTID":287980,"PRIMENAME":"Osborne Place","ELEVTYP_F":0,"ELEVTYP_T":0},"geometry":{"type":"LineString","coordinates":[[-73.9742474184008,40.3591561875456],[-73.9744334177958,40.3591661880001],[-73.9758074184238,40.3592011875692]]}},{"type":"Feature","id":288454,"properties":{"OBJECTID":288454,"PRIMENAME":"Buttonwood Drive","ELEVTYP_F":0,"ELEVTYP_T":0},"geometry":{"type":"LineString","coordinates":[[-74.0257574561245,40.3588379442857],[-74.025700564355,40.3587988398773],[-74.0255085702717,40.3586360039768],[-74.0254157293714,40.3585498083039],[-74.0253167442213,40.3584493399694],[-74.0252611590075,40.3583776272985],[-74.0252428960694,40.3583108448517],[-74.0252433974669,40.3582393623841],[-74.0252812249763,40.3581823075163],[-74.0253501645969,40.3581254082412],[-74.025444040885,40.3580638351019],[-74.0256316927215,40.3579549895879],[-74.0257818248226,40.357874567536],[-74.0260257296615,40.3577421235328],[-74.0263132955759,40.357595555525],[-74.0267571007975,40.3573876957411],[-74.0267924209444,40.3573759805056]]}},{"type":"Feature","id":288885,"properties":{"OBJECTID":288885,"PRIMENAME":"Widgeon Road","ELEVTYP_F":0,"ELEVTYP_T":0},"geometry":{"type":"LineString","coordinates":[[-74.0021934240127,40.3558131863129],[-74.0023776420922,40.3560646639115],[-74.0039403910453,40.3580898132381],[-74.0040708943419,40.3581910330042]]}},{"type":"Feature","id":288948,"properties":{"OBJECTID":288948,"PRIMENAME":"Club Way","ELEVTYP_F":0,"ELEVTYP_T":0},"geometry":{"type":"LineString","coordinates":[[-74.0194481427503,40.3454941221217],[-74.0193979031242,40.3455510957169],[-74.0193722601517,40.3456558555666],[-74.019371380626,40.3457797697819],[-74.0193810205932,40.3458830082303]]}},{"type":"Feature","id":289759,"properties":{"OBJECTID":289759,"PRIMENAME":"River Road","ELEVTYP_F":0,"ELEVTYP_T":0},"geometry":{"type":"LineString","coordinates":[[-74.0361052864347,40.364180252136],[-74.0357576939168,40.3643454953822],[-74.0355436495356,40.3644457409901]]}},{"type":"Feature","id":289844,"properties":{"OBJECTID":289844,"PRIMENAME":"Belknap Lane","ELEVTYP_F":0,"ELEVTYP_T":0},"geometry":{"type":"LineString","coordinates":[[-73.9847663801787,40.3687639255635],[-73.984804562389,40.3687175097138],[-73.9849367133431,40.3685569564363],[-73.9850229257019,40.3684528590385],[-73.9850805417522,40.3683616458998],[-73.9851438315977,40.3682748234242],[-73.9851845320285,40.3681661857653],[-73.9852196244884,40.3680399812306],[-73.9852440371462,40.3678267626916],[-73.9852449360937,40.3677086018294]]}},{"type":"Feature","id":290316,"properties":{"OBJECTID":290316,"PRIMENAME":"Bellevue Place","ELEVTYP_F":0,"ELEVTYP_T":0},"geometry":{"type":"LineString","coordinates":[[-73.9758619074579,40.3800904667689],[-73.9758741771068,40.3801191538738],[-73.9758856354864,40.380247816966],[-73.9758961712026,40.3804956987075],[-73.975897872396,40.380535594167]]}},{"type":"Feature","id":292091,"properties":{"OBJECTID":292091,"PRIMENAME":"Rumson Road","ELEVTYP_F":0,"ELEVTYP_T":0},"geometry":{"type":"LineString","coordinates":[[-73.9836916102195,40.3655687691127],[-73.9829280803454,40.3655067762678],[-73.9819053445007,40.3654235771968],[-73.9809806373332,40.3653479466817],[-73.9802521277211,40.3652874650177],[-73.9799999113056,40.3652720289953],[-73.9798223949169,40.3652640939781],[-73.97966349354,40.3652669475326],[-73.9794465028111,40.3652771165664]]}},{"type":"Feature","id":292272,"properties":{"OBJECTID":292272,"PRIMENAME":"Oak Tree Lane","ELEVTYP_F":0,"ELEVTYP_T":0},"geometry":{"type":"LineString","coordinates":[[-74.011076118028,40.3776768188986],[-74.0110028598669,40.3777059917971],[-74.0107002149695,40.37782667985],[-74.0104946228791,40.3779085494264],[-74.01031191435,40.3779730835366],[-74.0100837853619,40.3780243853971],[-74.0099241254513,40.3780585458847],[-74.0097360912849,40.3780752079048],[-74.0095710121625,40.3780745079512],[-74.0094528032074,40.3780652216886]]}},{"type":"Feature","id":292579,"properties":{"OBJECTID":292579,"PRIMENAME":"Monmouth Avenue","ELEVTYP_F":0,"ELEVTYP_T":0},"geometry":{"type":"LineString","coordinates":[[-73.9889899340542,40.3654831804766],[-73.9889685701021,40.3654133588672],[-73.9885351917585,40.3639961937312],[-73.9880912474651,40.3624744435128],[-73.9880743170087,40.3624163074186]]}},{"type":"Feature","id":292942,"properties":{"OBJECTID":292942,"PRIMENAME":"Sailers Way","ELEVTYP_F":0,"ELEVTYP_T":0},"geometry":{"type":"LineString","coordinates":[[-74.0068401227774,40.3521358790387],[-74.007556957701,40.3527986564775],[-74.0083180742545,40.3535024936543],[-74.008813112913,40.3539621369112],[-74.0090977618965,40.3542207069003],[-74.0093515827468,40.3544505398806],[-74.0096176803093,40.3546947266623],[-74.0098714340569,40.354924559105],[-74.0100942834852,40.3551209054377],[-74.0102614294682,40.3552646094019],[-74.0104224721813,40.3553939579571],[-74.0105774110902,40.3555090060669],[-74.0107136530599,40.3556144207859],[-74.0108563478906,40.3557008111996],[-74.0109929034333,40.3557728740702],[-74.011135666531,40.3558450170562],[-74.0112722896378,40.3559027487508],[-74.0114027758865,40.3559557331557],[-74.011514564647,40.3559990852595],[-74.011582757077,40.356047029303],[-74.0116257449711,40.3560969266665],[-74.0116445700179,40.3561187748462],[-74.0117741580653,40.3562813703523],[-74.0118298126981,40.3563511957331]]}},{"type":"Feature","id":293666,"properties":{"OBJECTID":293666,"PRIMENAME":"Ward Lane","ELEVTYP_F":0,"ELEVTYP_T":0},"geometry":{"type":"LineString","coordinates":[[-73.9998492776232,40.3744844589256],[-73.9996663434635,40.374574450952],[-73.9990034979358,40.3748938099667],[-73.9989480820457,40.3749174252959]]}},{"type":"Feature","id":293678,"properties":{"OBJECTID":293678,"PRIMENAME":"Fair Haven Road","ELEVTYP_F":0,"ELEVTYP_T":0},"geometry":{"type":"LineString","coordinates":[[-74.0347192570623,40.3636419598036],[-74.0354621136397,40.3643931723075],[-74.0355436495356,40.3644457409901]]}},{"type":"Feature","id":293927,"properties":{"OBJECTID":293927,"PRIMENAME":"River Way","ELEVTYP_F":0,"ELEVTYP_T":0},"geometry":{"type":"LineString","coordinates":[[-73.9750993402951,40.3791162876889],[-73.9751527999219,40.3791149929264],[-73.9754893887862,40.3791069948211]]}},{"type":"Feature","id":293966,"properties":{"OBJECTID":293966,"PRIMENAME":"Lakeside Avenue","ELEVTYP_F":0,"ELEVTYP_T":0},"geometry":{"type":"LineString","coordinates":[[-74.0051436739225,40.3740720426983],[-74.0062613902241,40.3735663813975],[-74.0063349249414,40.3735335064986]]}},{"type":"Feature","id":294048,"properties":{"OBJECTID":294048,"PRIMENAME":"Narumsunk Street","ELEVTYP_F":0,"ELEVTYP_T":0},"geometry":{"type":"LineString","coordinates":[[-74.0063364640491,40.3714435834193],[-74.0063831697297,40.3713783652043],[-74.0070183062085,40.3711086422294]]}},{"type":"Feature","id":294078,"properties":{"OBJECTID":294078,"PRIMENAME":"Park Road","ELEVTYP_F":0,"ELEVTYP_T":0},"geometry":{"type":"LineString","coordinates":[[-73.9756625612535,40.3398326647869],[-73.9757631856146,40.3398354679782],[-73.9758788007904,40.3398322857345],[-73.9760088086721,40.3398328747551],[-73.9761486158458,40.3398187661551],[-73.976259565287,40.3397971702071],[-73.9763899232652,40.3397571860588],[-73.9764913431898,40.339724511073],[-73.9766411281628,40.3396588370323],[-73.9769697308161,40.339516612792],[-73.9770912884628,40.3394639879484]]}},{"type":"Feature","id":294629,"properties":{"OBJECTID":294629,"PRIMENAME":"North Cherry Lane","ELEVTYP_F":0,"ELEVTYP_T":0},"geometry":{"type":"LineString","coordinates":[[-74.0075990139806,40.3702785870226],[-74.008342705566,40.3699645728957],[-74.0085393391834,40.369882613989]]}},{"type":"Feature","id":294698,"properties":{"OBJECTID":294698,"PRIMENAME":"Washington Avenue","ELEVTYP_F":0,"ELEVTYP_T":0},"geometry":{"type":"LineString","coordinates":[[-73.9781091371533,40.3631837925998],[-73.9787271309849,40.3632340437757],[-73.9801131790913,40.3633424583818]]}},{"type":"Feature","id":295355,"properties":{"OBJECTID":295355,"PRIMENAME":"Surf Street","ELEVTYP_F":0,"ELEVTYP_T":0},"geometry":{"type":"LineString","coordinates":[[-73.975675917035,40.3606732191156],[-73.9742494926527,40.3606286408268],[-73.9741409996524,40.3606252375925]]}},{"type":"Feature","id":295675,"properties":{"OBJECTID":295675,"PRIMENAME":"Oak Lane","ELEVTYP_F":0,"ELEVTYP_T":0},"geometry":{"type":"LineString","coordinates":[[-74.0116262762928,40.3721449241565],[-74.0114775370922,40.3721997217483],[-74.0113779713176,40.3722246110941],[-74.0112692003389,40.3722169048755],[-74.011155822681,40.3721911148112],[-74.0110519731216,40.3721581183162],[-74.0109294182738,40.3720960805291],[-74.0108445885183,40.3720486692711],[-74.0107410784302,40.3719686214448],[-74.0106706448528,40.3718959600859],[-74.0105300572131,40.3717071840147],[-74.0103050422577,40.3714203760598],[-74.0101082633195,40.3711553739434],[-74.0098366204145,40.3707706392349],[-74.0095789843169,40.3704149253702],[-74.0094852854742,40.3702842692253],[-74.0094289366648,40.3702297031888],[-74.0093771579265,40.3701933297673],[-74.009287419829,40.3701748577392]]}},{"type":"Feature","id":295897,"properties":{"OBJECTID":295897,"PRIMENAME":"Rivers Edge Drive","ELEVTYP_F":0,"ELEVTYP_T":0},"geometry":{"type":"LineString","coordinates":[[-74.0199112826572,40.3438310880965],[-74.0198838401854,40.3437849373983],[-74.0198781051218,40.3437134288974],[-74.0198919077889,40.3435276088652],[-74.0199120841625,40.3433132385122],[-74.0199382996358,40.3431274699811],[-74.0199452509288,40.3430274094381],[-74.0199521019962,40.3429416508219],[-74.0199464671275,40.3428558403846],[-74.0199283501782,40.342774754295],[-74.0198917465324,40.3426697359134],[-74.0198366528372,40.3425313148564],[-74.0197644116422,40.342405065134],[-74.0197628362456,40.3424023134073],[-74.019719920766,40.3423020728347],[-74.0196340284125,40.3421205888256],[-74.0195356868713,40.3419391070759],[-74.0194126128635,40.3417240866893],[-74.0192584354854,40.3415042147808],[-74.0190550717373,40.341198351082],[-74.0189598304148,40.3410505931031],[-74.0188948924231,40.3409498490178]]}},{"type":"Feature","id":296471,"properties":{"OBJECTID":296471,"PRIMENAME":"Bellevue Avenue","ELEVTYP_F":0,"ELEVTYP_T":0},"geometry":{"type":"LineString","coordinates":[[-74.0089907489911,40.3573978853818],[-74.0080080490471,40.35612905844],[-74.0079721521884,40.3560814415257],[-74.0074552091402,40.3553957178421],[-74.0066119231102,40.3542812014592],[-74.0061387845421,40.3536495471398],[-74.0055433524064,40.3528335220865]]}},{"type":"Feature","id":296488,"properties":{"OBJECTID":296488,"PRIMENAME":"Allen Street","ELEVTYP_F":0,"ELEVTYP_T":0},"geometry":{"type":"LineString","coordinates":[[-74.0347480132308,40.3582687902297],[-74.0348369899942,40.3583498291908],[-74.0365705878872,40.359929532047],[-74.0366409519156,40.3599936393734]]}},{"type":"Feature","id":296799,"properties":{"OBJECTID":296799,"PRIMENAME":"Unnamed Segment","ELEVTYP_F":0,"ELEVTYP_T":0},"geometry":{"type":"LineString","coordinates":[[-73.975243417256,40.3483341859081],[-73.9753524186773,40.3483561860992],[-73.9755594159911,40.3483491856238],[-73.9755954183048,40.3483351852439],[-73.9756254170272,40.3483091871008],[-73.9757734163147,40.3480751856099],[-73.9758164155567,40.3480401858021],[-73.9758594175271,40.3480201863107],[-73.9759204169089,40.348007186242],[-73.976162416862,40.3480001865658],[-73.9766044166634,40.3480061864096],[-73.9766394179302,40.3480081857181]]}},{"type":"Feature","id":297050,"properties":{"OBJECTID":297050,"PRIMENAME":"Atlantic Way","ELEVTYP_F":0,"ELEVTYP_T":0},"geometry":{"type":"LineString","coordinates":[[-73.9761639094391,40.3805255442061],[-73.975897872396,40.380535594167]]}},{"type":"Feature","id":297078,"properties":{"OBJECTID":297078,"PRIMENAME":"3rd Street","ELEVTYP_F":0,"ELEVTYP_T":0},"geometry":{"type":"LineString","coordinates":[[-74.0160440977546,40.375381584433],[-74.0155207674267,40.3746538982495]]}},{"type":"Feature","id":297096,"properties":{"OBJECTID":297096,"PRIMENAME":"Rumson Road","ELEVTYP_F":0,"ELEVTYP_T":0},"geometry":{"type":"LineString","coordinates":[[-73.9790178618852,40.3652055682378],[-73.9789922513225,40.3652035588059],[-73.9778562316386,40.3651054563309]]}},{"type":"Feature","id":297158,"properties":{"OBJECTID":297158,"PRIMENAME":"Lafayette Street","ELEVTYP_F":0,"ELEVTYP_T":0},"geometry":{"type":"LineString","coordinates":[[-74.0123962469848,40.376491288282],[-74.0119289390244,40.3758636921809],[-74.0117182238474,40.3755624533987],[-74.0116532045098,40.3754799057248]]}},{"type":"Feature","id":297173,"properties":{"OBJECTID":297173,"PRIMENAME":"Ridge Road","ELEVTYP_F":0,"ELEVTYP_T":0},"geometry":{"type":"LineString","coordinates":[[-74.0376754045078,40.3522600608855],[-74.0375434321074,40.3523016720176],[-74.0354346799331,40.3529663411529]]}},{"type":"Feature","id":297683,"properties":{"OBJECTID":297683,"PRIMENAME":"Buttonwood Lane","ELEVTYP_F":0,"ELEVTYP_T":0},"geometry":{"type":"LineString","coordinates":[[-74.0208839207125,40.3449821436366],[-74.0206094900765,40.3450985829603],[-74.0204345198085,40.3451836725848],[-74.0204222618396,40.3451871081816]]}},{"type":"Feature","id":298510,"properties":{"OBJECTID":298510,"PRIMENAME":"Circle Drive","ELEVTYP_F":0,"ELEVTYP_T":0},"geometry":{"type":"LineString","coordinates":[[-74.024709063618,40.3663339451264],[-74.0246431064546,40.3663634323548],[-74.0243061585941,40.3665140195593],[-74.0233473455255,40.366966019418],[-74.0231141222299,40.3670746866173],[-74.022431262392,40.3673928489043],[-74.0220182559984,40.3675937920436],[-74.0218994802224,40.3676620673394],[-74.0218517689882,40.3677197664256],[-74.021832410968,40.3677775818222],[-74.0218320274348,40.3678318523621],[-74.0218600678835,40.3678862404188],[-74.0219162972158,40.3679588633279],[-74.022061877373,40.3681150618207],[-74.0222168712153,40.3682749232234],[-74.0223060483879,40.3683729920477],[-74.0224092493371,40.3684928333274],[-74.022489074692,40.3685836446984],[-74.0226017867779,40.3687035250731],[-74.0227144592713,40.3688342489685],[-74.0227660543532,40.3688923573092],[-74.0228461418285,40.3689361169846],[-74.0229359429698,40.3689509545531],[-74.0230259590823,40.3689404820423],[-74.0231011573276,40.3689141347907],[-74.0231586880125,40.368893976848],[-74.0241219227193,40.3684962699667],[-74.0248858048632,40.368180997489],[-74.0254171735058,40.3679696311507],[-74.0259818048234,40.3677331436326],[-74.0260401549213,40.3677087032266]]}},{"type":"Feature","id":300185,"properties":{"OBJECTID":300185,"PRIMENAME":"William Street","ELEVTYP_F":0,"ELEVTYP_T":0},"geometry":{"type":"LineString","coordinates":[[-74.0146815576738,40.3750058790496],[-74.0147220602064,40.3749888917005],[-74.0154908863494,40.3746664280481],[-74.0155207674267,40.3746538982495]]}},{"type":"Feature","id":300347,"properties":{"OBJECTID":300347,"PRIMENAME":"Seven Bridges Road","ELEVTYP_F":0,"ELEVTYP_T":0},"geometry":{"type":"LineString","coordinates":[[-74.0314857355253,40.3379524200979],[-74.0324144109844,40.3388519892939],[-74.0325994164954,40.3390288965034]]}},{"type":"Feature","id":300560,"properties":{"OBJECTID":300560,"PRIMENAME":"Willowbrook Road","ELEVTYP_F":0,"ELEVTYP_T":0},"geometry":{"type":"LineString","coordinates":[[-74.0024558996531,40.3593754513377],[-74.0024688999653,40.3593937075683],[-74.0025275622713,40.3594643933218],[-74.0026209447113,40.359576909475],[-74.0026355849855,40.3595945485896],[-74.0028144783551,40.3598384306989],[-74.0029563666208,40.3600296664083],[-74.0030737368994,40.3601731396881],[-74.0031540288459,40.3602688245789],[-74.0032530866094,40.3603454836592],[-74.003377120566,40.3604270539621],[-74.003488736932,40.3604990185467],[-74.0036005294873,40.360547154425],[-74.003737085275,40.3606144757879],[-74.0039235212062,40.3606772339093],[-74.0041659074015,40.3607592839259],[-74.0044766596702,40.3608654539188],[-74.0046817581804,40.3609330687146],[-74.0048122834361,40.3609765066068],[-74.0049054151015,40.3610198131053],[-74.0050046859336,40.3610774201791],[-74.0051225144304,40.36114940887],[-74.0052120175765,40.3612227055935],[-74.0052278211608,40.3612356461681],[-74.0052542202661,40.3612619202307]]}},{"type":"Feature","id":300706,"properties":{"OBJECTID":300706,"PRIMENAME":"North Cherry Lane","ELEVTYP_F":0,"ELEVTYP_T":0},"geometry":{"type":"LineString","coordinates":[[-74.0059739654674,40.3709652528955],[-74.0060267485041,40.3709426109377],[-74.0064776335398,40.3707491342917],[-74.0068382405593,40.3706059197197],[-74.0069853998889,40.3705414033655],[-74.0070292187755,40.3705223190158]]}},{"type":"Feature","id":301099,"properties":{"OBJECTID":301099,"PRIMENAME":"Break Water Cove","ELEVTYP_F":0,"ELEVTYP_T":0},"geometry":{"type":"LineString","coordinates":[[-73.9753234170464,40.3416741844504],[-73.9753894161592,40.3415071852474],[-73.9754154158971,40.3414191844049],[-73.9754284166004,40.3414031856648],[-73.9754554164228,40.3413931838955],[-73.9760554158435,40.3414361839871]]}},{"type":"Feature","id":301809,"properties":{"OBJECTID":301809,"PRIMENAME":"Unnamed Segment","ELEVTYP_F":0,"ELEVTYP_T":0},"geometry":{"type":"LineString","coordinates":[[-74.035303445387,40.3416549718373],[-74.0353701822546,40.3416174386679],[-74.035589009444,40.3414943994624],[-74.0360707152524,40.3411913140901]]}},{"type":"Feature","id":302709,"properties":{"OBJECTID":302709,"PRIMENAME":"Shrewsbury Way","ELEVTYP_F":0,"ELEVTYP_T":0},"geometry":{"type":"LineString","coordinates":[[-73.9745542060754,40.3796588660739],[-73.9746438266813,40.3796560066079],[-73.9751395717921,40.3796401114767]]}},{"type":"Feature","id":302936,"properties":{"OBJECTID":302936,"PRIMENAME":"South Street","ELEVTYP_F":0,"ELEVTYP_T":0},"geometry":{"type":"LineString","coordinates":[[-73.9753350041696,40.3619822216087],[-73.9758589011888,40.361979930815]]}},{"type":"Feature","id":303264,"properties":{"OBJECTID":303264,"PRIMENAME":"Robin Road","ELEVTYP_F":0,"ELEVTYP_T":0},"geometry":{"type":"LineString","coordinates":[[-73.9950792067875,40.3678524360279],[-73.9950736316262,40.3678031679096],[-73.9950739333882,40.3677627310753]]}},{"type":"Feature","id":303678,"properties":{"OBJECTID":303678,"PRIMENAME":"Bingham Avenue","ELEVTYP_F":0,"ELEVTYP_T":0},"geometry":{"type":"LineString","coordinates":[[-74.0085393550937,40.3743369378219],[-74.008627218525,40.3744512906722],[-74.0096642867726,40.3758092286111],[-74.0099605022523,40.3761886321499]]}},{"type":"Feature","id":304729,"properties":{"OBJECTID":304729,"PRIMENAME":"Elm Lane","ELEVTYP_F":0,"ELEVTYP_T":0},"geometry":{"type":"LineString","coordinates":[[-74.0203148164569,40.3548990824355],[-74.0202251804743,40.3549393938893],[-74.0197001825899,40.3551754970788],[-74.0194190235452,40.3552934697899],[-74.01918756792,40.3554307278071],[-74.0189686633794,40.3555489590997],[-74.0188371580245,40.3556437521399],[-74.0180429923471,40.3560550784147]]}},{"type":"Feature","id":304822,"properties":{"OBJECTID":304822,"PRIMENAME":"Lincoln Avenue","ELEVTYP_F":0,"ELEVTYP_T":0},"geometry":{"type":"LineString","coordinates":[[-73.9770972604795,40.3640646799199],[-73.977018075627,40.3640574040037]]}},{"type":"Feature","id":305609,"properties":{"OBJECTID":305609,"PRIMENAME":"Belknap West Lane","ELEVTYP_F":0,"ELEVTYP_T":0},"geometry":{"type":"LineString","coordinates":[[-73.9864205827646,40.3678817496765],[-73.9864195629189,40.3678814569406],[-73.9863841869276,40.3678703461715],[-73.9863485206552,40.3678597834968],[-73.9863125625066,40.3678498238488],[-73.986276349406,40.3678404115511],[-73.9862398799632,40.3678315745172],[-73.9862031551428,40.3678233406713],[-73.9861662469808,40.3678156824131],[-73.9861291542989,40.3678085997372],[-73.9860918415605,40.3678021204057],[-73.9860438953159,40.3677923262603],[-73.9859957294376,40.3677830805135],[-73.9859474155371,40.3677744114032],[-73.9858989173379,40.3677662890469],[-73.9858502357906,40.3677587431697],[-73.9858014427255,40.3677517731902],[-73.9857525371694,40.3677453520845],[-73.9857034833867,40.3677395337324],[-73.9856543182948,40.3677342633583],[-73.9856050404687,40.3677295733791],[-73.985565740251,40.3677249475756],[-73.9855262921847,40.3677208740982],[-73.9854868044166,40.3677173768447],[-73.985447203738,40.3677144825087],[-73.9854075270532,40.3677121381162],[-73.9853678092875,40.36771039606],[-73.9853280885225,40.3677092033714],[-73.9852882901461,40.367708616459],[-73.9852485250914,40.3677086024927],[-73.9852449360937,40.3677086018294]]}},{"type":"Feature","id":306346,"properties":{"OBJECTID":306346,"PRIMENAME":"Fisk Street","ELEVTYP_F":0,"ELEVTYP_T":0},"geometry":{"type":"LineString","coordinates":[[-74.0375253329414,40.3616471717706],[-74.0385692612316,40.3610241492937],[-74.0386421163215,40.3609813132604]]}},{"type":"Feature","id":306467,"properties":{"OBJECTID":306467,"PRIMENAME":"Unnamed Segment","ELEVTYP_F":0,"ELEVTYP_T":0},"geometry":{"type":"LineString","coordinates":[[-74.0055909160558,40.3601410476845],[-74.0052934155295,40.3597537828172],[-74.0052234225734,40.3596626674162],[-74.0051280847938,40.3595385599498],[-74.0046773973839,40.3589742521835],[-74.0041219417749,40.3582569722178],[-74.0040708943419,40.3581910330042]]}},{"type":"Feature","id":306854,"properties":{"OBJECTID":306854,"PRIMENAME":"Unnamed Segment","ELEVTYP_F":0,"ELEVTYP_T":0},"geometry":{"type":"LineString","coordinates":[[-74.0022184257788,40.3745841905842],[-74.0022304278876,40.374681189597],[-74.0022474271608,40.3747321898],[-74.0022804276326,40.3747841910358],[-74.0023474278372,40.3748501905122]]}},{"type":"Feature","id":306994,"properties":{"OBJECTID":306994,"PRIMENAME":"Crozier Court","ELEVTYP_F":0,"ELEVTYP_T":0},"geometry":{"type":"LineString","coordinates":[[-74.0341560265905,40.361437341652],[-74.0345973819886,40.3617946199396],[-74.0348976315136,40.3620267253036],[-74.0351001201454,40.3621972738948],[-74.0352845648335,40.3623510317847]]}},{"type":"Feature","id":307122,"properties":{"OBJECTID":307122,"PRIMENAME":"Sunrise Way","ELEVTYP_F":0,"ELEVTYP_T":0},"geometry":{"type":"LineString","coordinates":[[-73.9739457740658,40.3467153538014],[-73.9741164157099,40.3467081860398],[-73.9742814165014,40.3467211849569],[-73.9743204169358,40.3467281855382],[-73.9743924159406,40.346750185979],[-73.9744664156034,40.3467661854289],[-73.974541415807,40.346777186267],[-73.9746184147622,40.3467831858205],[-73.9751594168496,40.3467811864281],[-73.9752684153655,40.346771185697],[-73.9753614174263,40.3467531856871],[-73.9754384155608,40.3467311870897],[-73.9755214183411,40.346695186246],[-73.9755864170427,40.3466571862313],[-73.9756524163513,40.3466051856101],[-73.9757394169569,40.346511185568],[-73.975823418089,40.3464031856729],[-73.9758964167526,40.3462911856095],[-73.9759034166116,40.3462501855174],[-73.9758964174708,40.3462101856603],[-73.9758734169012,40.3461731854115],[-73.9758044167588,40.3461051852753],[-73.9757364153461,40.3460521854463],[-73.9756494160571,40.3459981861953],[-73.9755424178358,40.3459491866734],[-73.9754904167476,40.345933185897],[-73.9753694177993,40.3459121860774],[-73.9753144168101,40.3459091860072],[-73.974699416424,40.3459061856267],[-73.9745654156872,40.3459201864189],[-73.9743734177062,40.3459671863125],[-73.9742684167057,40.3459821849677],[-73.9741614152154,40.3459861856029],[-73.9739908609722,40.3459736998496]]}},{"type":"Feature","id":309600,"properties":{"OBJECTID":309600,"PRIMENAME":"Forrest Avenue","ELEVTYP_F":0,"ELEVTYP_T":0},"geometry":{"type":"LineString","coordinates":[[-74.0039840626869,40.3746006546452],[-74.004500786809,40.3752919910425],[-74.0048561584537,40.3757551140457],[-74.00510334844,40.3760809351796],[-74.0056682360545,40.3768254996518],[-74.0057372789949,40.3769164681825]]}},{"type":"Feature","id":312349,"properties":{"OBJECTID":312349,"PRIMENAME":"Hartshorne Lane","ELEVTYP_F":0,"ELEVTYP_T":0},"geometry":{"type":"LineString","coordinates":[[-73.9803733606397,40.3685260018101],[-73.9804999435163,40.368470238645],[-73.9812235578887,40.3683638727437],[-73.9815105709727,40.3683127539214],[-73.9816602316626,40.3682990955006],[-73.9818285522524,40.368290350661],[-73.9819726029187,40.3683108714591]]}},{"type":"Feature","id":313643,"properties":{"OBJECTID":313643,"PRIMENAME":"Orchard Lane","ELEVTYP_F":0,"ELEVTYP_T":0},"geometry":{"type":"LineString","coordinates":[[-74.0165459369962,40.3673400107722],[-74.0166649513709,40.3672892838895],[-74.0178844958995,40.3667696875027],[-74.0185440644517,40.3664937999509]]}},{"type":"Feature","id":314362,"properties":{"OBJECTID":314362,"PRIMENAME":"Brookside Drive","ELEVTYP_F":0,"ELEVTYP_T":0},"geometry":{"type":"LineString","coordinates":[[-74.0271201731476,40.3484866494844],[-74.0271911025922,40.3485387962175],[-74.0273150776562,40.3486298660666],[-74.0274080408658,40.3486969544397],[-74.0274698951872,40.3487591665192],[-74.0275254727783,40.3488261290762],[-74.0275995459846,40.348926520945],[-74.0276796271017,40.3490555149447],[-74.0277907204184,40.3492036869644],[-74.0279326238648,40.3493997236127],[-74.028062410199,40.3495479716564],[-74.0281488993745,40.3496483868038],[-74.0282666020471,40.3497442070829],[-74.0283531593055,40.3498350970724],[-74.0284709277575,40.3499213912288],[-74.0286133327427,40.3500458894959],[-74.0287865141253,40.3502181699948],[-74.0288610928591,40.3502981660648]]}},{"type":"Feature","id":314608,"properties":{"OBJECTID":314608,"PRIMENAME":"Park Road","ELEVTYP_F":0,"ELEVTYP_T":0},"geometry":{"type":"LineString","coordinates":[[-73.9770912884628,40.3394639879484],[-73.9770622392736,40.3400108913102],[-73.9770474481896,40.3400587003405],[-73.9770182419364,40.3400917572786],[-73.9769894251414,40.340113548827]]}},{"type":"Feature","id":314764,"properties":{"OBJECTID":314764,"PRIMENAME":"Bellevue Avenue","ELEVTYP_F":0,"ELEVTYP_T":0},"geometry":{"type":"LineString","coordinates":[[-74.0104619110905,40.359367806307],[-74.0104210402247,40.359312839641],[-74.0102291968628,40.35905483095]]}},{"type":"Feature","id":315342,"properties":{"OBJECTID":315342,"PRIMENAME":"Maple Avenue","ELEVTYP_F":0,"ELEVTYP_T":0},"geometry":{"type":"LineString","coordinates":[[-74.0375253329414,40.3616471717706],[-74.0365339576076,40.3607300731264],[-74.0361377821301,40.360356732058],[-74.0360957172004,40.360331472158],[-74.0360551740225,40.3603250229995]]}},{"type":"Feature","id":315576,"properties":{"OBJECTID":315576,"PRIMENAME":"Vista Drive","ELEVTYP_F":0,"ELEVTYP_T":0},"geometry":{"type":"LineString","coordinates":[[-74.0340925917393,40.3489540936332],[-74.0341521265018,40.348916367396],[-74.0350343110349,40.3483575371948],[-74.0350969524643,40.348300606666],[-74.0351472791984,40.3482293242735],[-74.0351726407487,40.3481674668163],[-74.0351982639959,40.3480674804448],[-74.0351925376307,40.3479816704268],[-74.0351682294556,40.3479005618845],[-74.0351313351252,40.347828901918],[-74.0350448380341,40.3477284639959],[-74.0345685542655,40.347240431023],[-74.0338386049244,40.3465035373114],[-74.0334674876964,40.3461160120007],[-74.0334044718409,40.3460502300296]]}},{"type":"Feature","id":316790,"properties":{"OBJECTID":316790,"PRIMENAME":"Linden Drive","ELEVTYP_F":0,"ELEVTYP_T":0},"geometry":{"type":"LineString","coordinates":[[-74.0281000027326,40.3625358452006],[-74.027922886666,40.3626302146668],[-74.0277728516243,40.3627058636765],[-74.0276915538566,40.3627436624609],[-74.0275854196266,40.3627765827012],[-74.0274481001174,40.3628093754286],[-74.0270675653356,40.3628840814948],[-74.0267805064997,40.3629448665178],[-74.0266494330031,40.3629824599901],[-74.0265959642182,40.3629972846727]]}},{"type":"Feature","id":317398,"properties":{"OBJECTID":317398,"PRIMENAME":"East Front Street","ELEVTYP_F":0,"ELEVTYP_T":0},"geometry":{"type":"LineString","coordinates":[[-74.0208100247125,40.3716520211773],[-74.0202704058803,40.3718765552185],[-74.0200488312594,40.3719693283817]]}},{"type":"Feature","id":318240,"properties":{"OBJECTID":318240,"PRIMENAME":"Beach Street","ELEVTYP_F":0,"ELEVTYP_T":0},"geometry":{"type":"LineString","coordinates":[[-73.9756663168717,40.360203008653],[-73.9761653055326,40.3602226747943]]}},{"type":"Feature","id":319119,"properties":{"OBJECTID":319119,"PRIMENAME":"Maple Avenue","ELEVTYP_F":0,"ELEVTYP_T":0},"geometry":{"type":"LineString","coordinates":[[-74.0360551740225,40.3603250229995],[-74.0359931947197,40.3603151112949],[-74.0359389293574,40.3602844498322],[-74.0342800808452,40.3587002615875],[-74.0342100271177,40.3586333269276]]}},{"type":"Feature","id":319493,"properties":{"OBJECTID":319493,"PRIMENAME":"Kemp Avenue","ELEVTYP_F":0,"ELEVTYP_T":0},"geometry":{"type":"LineString","coordinates":[[-74.0203148164569,40.3548990824355],[-74.0207023925384,40.355289269969],[-74.0214137299897,40.3560023669207],[-74.0215513744718,40.3561384120881],[-74.0217378307784,40.356322698681]]}},{"type":"Feature","id":320409,"properties":{"OBJECTID":320409,"PRIMENAME":"Seven Bridges Road","ELEVTYP_F":0,"ELEVTYP_T":0},"geometry":{"type":"LineString","coordinates":[[-74.0360305938948,40.3425650670999],[-74.0362239843395,40.3428040155434],[-74.0365760090205,40.3432391119203],[-74.0371317835779,40.3439371339842],[-74.037231528364,40.3440623571068]]}},{"type":"Feature","id":320598,"properties":{"OBJECTID":320598,"PRIMENAME":"Ivins Place","ELEVTYP_F":0,"ELEVTYP_T":0},"geometry":{"type":"LineString","coordinates":[[-74.0292071200735,40.3455106477114],[-74.0292902047671,40.345434504356],[-74.0294092907986,40.3453253733575],[-74.0295158956914,40.3452257176551],[-74.0295971656887,40.345178392038],[-74.0296846810847,40.3451358399918],[-74.0297783367139,40.3451028669503],[-74.0298906876223,40.345074718953],[-74.030002866007,40.345060899508],[-74.0301211588536,40.3450709063064],[-74.0302519006104,40.3450809356222],[-74.0304322750571,40.3451150497657],[-74.0306002033932,40.3451538613534],[-74.0307681614314,40.3451831484299],[-74.0309237048654,40.3452124110357],[-74.0310357563049,40.345222363667],[-74.0311602220442,40.3452371714853],[-74.031253680474,40.3452327732159],[-74.0313845874266,40.345219001309],[-74.0314782093118,40.3451908029078],[-74.0316155865743,40.3451389260714],[-74.0318406434718,40.3450206684225],[-74.0319145334034,40.3449818764961]]}},{"type":"Feature","id":320727,"properties":{"OBJECTID":320727,"PRIMENAME":"Park Road","ELEVTYP_F":0,"ELEVTYP_T":0},"geometry":{"type":"LineString","coordinates":[[-73.9752514471539,40.3397908989037],[-73.9754309984082,40.3398191921831],[-73.9756043283421,40.3398310417153],[-73.9756625612535,40.3398326647869]]}},{"type":"Feature","id":322905,"properties":{"OBJECTID":322905,"PRIMENAME":"Ridge Road","ELEVTYP_F":0,"ELEVTYP_T":0},"geometry":{"type":"LineString","coordinates":[[-73.9998309556647,40.3690347935477],[-73.9992567357109,40.3691661907838],[-73.9991093016214,40.369199318483]]}},{"type":"Feature","id":323151,"properties":{"OBJECTID":323151,"PRIMENAME":"3rd Street","ELEVTYP_F":0,"ELEVTYP_T":0},"geometry":{"type":"LineString","coordinates":[[-74.0155207674267,40.3746538982495],[-74.0151305064172,40.3741112704589],[-74.0150820323801,40.3740437826147]]}},{"type":"Feature","id":324262,"properties":{"OBJECTID":324262,"PRIMENAME":"Buena Vista Avenue","ELEVTYP_F":0,"ELEVTYP_T":0},"geometry":{"type":"LineString","coordinates":[[-74.0189821063613,40.3604639372595],[-74.0193922077983,40.3608540306926],[-74.0199428560318,40.3613996158692],[-74.020357240119,40.3618350748677],[-74.0208272774414,40.3623183631207],[-74.0216870172506,40.3632084238569],[-74.0217757860113,40.36330242865]]}},{"type":"Feature","id":324379,"properties":{"OBJECTID":324379,"PRIMENAME":"Robin Road","ELEVTYP_F":0,"ELEVTYP_T":0},"geometry":{"type":"LineString","coordinates":[[-73.9956893693637,40.3674686955086],[-73.9958046465873,40.3674203785532]]}},{"type":"Feature","id":324846,"properties":{"OBJECTID":324846,"PRIMENAME":"Forrest Avenue","ELEVTYP_F":0,"ELEVTYP_T":0},"geometry":{"type":"LineString","coordinates":[[-74.00297696472,40.373270602868],[-74.0031779996993,40.3735348390994]]}},{"type":"Feature","id":325065,"properties":{"OBJECTID":325065,"PRIMENAME":"Orchard Lane","ELEVTYP_F":0,"ELEVTYP_T":0},"geometry":{"type":"LineString","coordinates":[[-74.0222060778192,40.363755104045],[-74.0221492169369,40.3637875365388],[-74.0214937365743,40.3641611352574],[-74.0213511622972,40.364251027101],[-74.0211182908035,40.3644020357647],[-74.0209707592061,40.3645280874438],[-74.0207754037712,40.3647226800409],[-74.0206469265722,40.3648234723185],[-74.0204092219112,40.3649925508186],[-74.019971943464,40.3652875182184],[-74.0197152006813,40.3654637358461],[-74.0196152204694,40.3655538023984],[-74.0195246636634,40.3656510996856],[-74.0194528029682,40.365773839532],[-74.0192894342811,40.3661277834979]]}},{"type":"Feature","id":325437,"properties":{"OBJECTID":325437,"PRIMENAME":"Highland Avenue","ELEVTYP_F":0,"ELEVTYP_T":0},"geometry":{"type":"LineString","coordinates":[[-73.9987817684507,40.3749291146058],[-73.9977523304947,40.3746924591436],[-73.9975931900688,40.3746569047885],[-73.9973826944119,40.3746298560902],[-73.9972006648116,40.3746073232254],[-73.9969066087294,40.3745803768685]]}},{"type":"Feature","id":327132,"properties":{"OBJECTID":327132,"PRIMENAME":"Brookside Avenue","ELEVTYP_F":0,"ELEVTYP_T":0},"geometry":{"type":"LineString","coordinates":[[-74.0259840717133,40.365647228083],[-74.0260454384552,40.3655964740838],[-74.0263149103418,40.3653736265346],[-74.0263588173643,40.3653356476988],[-74.0263778785224,40.3652785436105],[-74.0263721036434,40.3652165616746],[-74.0263718627852,40.3652154781092],[-74.0263539734521,40.3651354498082],[-74.026348398639,40.3650448902224],[-74.026342722028,40.3649638293542],[-74.026366064163,40.3649001824753],[-74.0264374619132,40.3648261902856],[-74.0264934991548,40.3647881241645],[-74.0265186371354,40.3647653046838]]}},{"type":"Feature","id":327456,"properties":{"OBJECTID":327456,"PRIMENAME":"Tuxedo Road","ELEVTYP_F":0,"ELEVTYP_T":0},"geometry":{"type":"LineString","coordinates":[[-73.9933529345467,40.3561328538406],[-73.993273380868,40.356031949686],[-73.9932623333511,40.356017928618],[-73.9923486309349,40.3548584306817],[-73.9922859958749,40.3547789454699]]}},{"type":"Feature","id":327852,"properties":{"OBJECTID":327852,"PRIMENAME":"Seven Bridges Road","ELEVTYP_F":0,"ELEVTYP_T":0},"geometry":{"type":"LineString","coordinates":[[-74.0347677570724,40.3410989210966],[-74.0349080267356,40.3412354818475],[-74.0350565047714,40.3413838253268],[-74.0352358607191,40.3415704226889],[-74.035303445387,40.3416549718373]]}},{"type":"Feature","id":328395,"properties":{"OBJECTID":328395,"PRIMENAME":"Break Water Cove","ELEVTYP_F":0,"ELEVTYP_T":0},"geometry":{"type":"LineString","coordinates":[[-73.9760554158435,40.3414361839871],[-73.9763994178129,40.3414661851606]]}},{"type":"Feature","id":329596,"properties":{"OBJECTID":329596,"PRIMENAME":"Unnamed Segment","ELEVTYP_F":0,"ELEVTYP_T":0},"geometry":{"type":"LineString","coordinates":[[-74.0193810205932,40.3458830082303],[-74.0188188596886,40.3456580399323],[-74.0186051016471,40.3456686977268],[-74.0177498446703,40.345750901321],[-74.0162998082313,40.3457682013115],[-74.0151502006702,40.3456507652822],[-74.0140862255697,40.3454492316737],[-74.0131433391967,40.3451506782429],[-74.0125521890747,40.3448688867162],[-74.0113202420036,40.3443596525845]]}},{"type":"Feature","id":330222,"properties":{"OBJECTID":330222,"PRIMENAME":"Dogwood Lane","ELEVTYP_F":0,"ELEVTYP_T":0},"geometry":{"type":"LineString","coordinates":[[-74.0072580810673,40.3688345712637],[-74.0073148225568,40.3688348130028],[-74.0073620464294,40.3688458579641],[-74.0074138490363,40.3688786631298],[-74.0074466854752,40.3689185809662],[-74.0075733060612,40.3690834531483],[-74.0076669418453,40.3692053743151],[-74.0077140076491,40.3692381871001],[-74.0077659952594,40.3692456279698],[-74.0078513195352,40.3692242773964],[-74.0079272120851,40.3691920419379],[-74.0079840257067,40.3691922836562],[-74.0080406449392,40.3692142391215],[-74.0080969656388,40.3692724020052],[-74.0081859495139,40.3693994429563],[-74.0084858472778,40.3698095297195],[-74.0085044756567,40.3698350017312],[-74.0085393391834,40.369882613989]]}},{"type":"Feature","id":330888,"properties":{"OBJECTID":330888,"PRIMENAME":"Hillcrest Road","ELEVTYP_F":0,"ELEVTYP_T":0},"geometry":{"type":"LineString","coordinates":[[-74.0282368466156,40.3591785495039],[-74.0280533502466,40.3591135089446]]}},{"type":"Feature","id":331111,"properties":{"OBJECTID":331111,"PRIMENAME":"Maple Avenue","ELEVTYP_F":0,"ELEVTYP_T":0},"geometry":{"type":"LineString","coordinates":[[-73.994921388826,40.3723508490592],[-73.9955884843509,40.3731937024124],[-73.9956301946033,40.3732464541483]]}},{"type":"Feature","id":331322,"properties":{"OBJECTID":331322,"PRIMENAME":"Tulip Tree Lane","ELEVTYP_F":0,"ELEVTYP_T":0},"geometry":{"type":"LineString","coordinates":[[-73.9938818133103,40.3654156105102],[-73.9939262017641,40.3655172122451],[-73.9947263096415,40.3665072724581],[-73.9948271348164,40.3665633575988]]}},{"type":"Feature","id":331578,"properties":{"OBJECTID":331578,"PRIMENAME":"Oak Tree Lane","ELEVTYP_F":0,"ELEVTYP_T":0},"geometry":{"type":"LineString","coordinates":[[-74.0094528032074,40.3780652216886],[-74.009394541331,40.378060664946],[-74.0092295846748,40.3780382234357]]}},{"type":"Feature","id":331786,"properties":{"OBJECTID":331786,"PRIMENAME":"Bingham Avenue","ELEVTYP_F":0,"ELEVTYP_T":0},"geometry":{"type":"LineString","coordinates":[[-74.0107158746227,40.3771901128521],[-74.010898822863,40.377439627134],[-74.011076118028,40.3776768188986]]}},{"type":"Feature","id":332291,"properties":{"OBJECTID":332291,"PRIMENAME":"Sycamore Lane","ELEVTYP_F":0,"ELEVTYP_T":0},"geometry":{"type":"LineString","coordinates":[[-74.0202054181006,40.3518144388542],[-74.0202840138365,40.3519084856084],[-74.0204878523205,40.3521524172138],[-74.0208030810412,40.3525063704754],[-74.0210997183331,40.3528412214558],[-74.0211366006385,40.352912858748],[-74.0211485097999,40.3529843926383],[-74.021153336612,40.3531845919697],[-74.0211643072018,40.3533991460686],[-74.0211817515072,40.3535707650618],[-74.0212057458401,40.3537043082718],[-74.0212358803799,40.353847402163],[-74.0212722578537,40.3539905218831],[-74.0213518609129,40.354186253607],[-74.0214624755064,40.3544011929462],[-74.0215735636239,40.3545493977917],[-74.0216970343649,40.3547071528874],[-74.0218328908272,40.3548745392646],[-74.021975024593,40.355037175278],[-74.0221358199432,40.3552046652632],[-74.0223029264463,40.355362626997],[-74.0224700300972,40.3555110902245],[-74.0226249231221,40.3556355923662],[-74.0227923659484,40.3557411495798],[-74.0229351774035,40.3558132232809],[-74.0230341549915,40.3559137206758],[-74.0231265866179,40.3560570709173],[-74.0231708861125,40.3561451002079],[-74.0231818637677,40.3561669141627],[-74.0231908307963,40.3561878660119],[-74.0232738275368,40.3563818018384],[-74.0233843514535,40.356610986273],[-74.0234583915741,40.3567113814277],[-74.0235386761687,40.3568118013575],[-74.0236811887476,40.3569267798334],[-74.0238173870935,40.3570417051162],[-74.023990911965,40.3571711140974],[-74.0240391032768,40.3572070546943]]}},{"type":"Feature","id":333227,"properties":{"OBJECTID":333227,"PRIMENAME":"Hance Road","ELEVTYP_F":0,"ELEVTYP_T":0},"geometry":{"type":"LineString","coordinates":[[-74.0340925917393,40.3489540936332],[-74.0343253195529,40.3491825514585],[-74.0346286767437,40.3494554366026],[-74.0347938780464,40.349605740689]]}},{"type":"Feature","id":333675,"properties":{"OBJECTID":333675,"PRIMENAME":"Fair Haven Road","ELEVTYP_F":0,"ELEVTYP_T":0},"geometry":{"type":"LineString","coordinates":[[-74.0315495549179,40.3603865264909],[-74.031589183461,40.3604265749364],[-74.0321398610922,40.3609816564329],[-74.03233541006,40.3611889399897]]}},{"type":"Feature","id":334631,"properties":{"OBJECTID":334631,"PRIMENAME":"Bellevue Avenue","ELEVTYP_F":0,"ELEVTYP_T":0},"geometry":{"type":"LineString","coordinates":[[-74.0165459369962,40.3673400107722],[-74.015993287412,40.3666097877092],[-74.015310772282,40.3657034634818]]}},{"type":"Feature","id":334917,"properties":{"OBJECTID":334917,"PRIMENAME":"Robin Road","ELEVTYP_F":0,"ELEVTYP_T":0},"geometry":{"type":"LineString","coordinates":[[-73.9958046465873,40.3674203785532],[-73.9958972580415,40.367381560885],[-73.9959677951085,40.3673364081572],[-73.9960274625831,40.3672953807182],[-73.9961198443574,40.3672132083181],[-73.9963643996069,40.3669913102419],[-73.9965165703225,40.3668515844245],[-73.9966304954576,40.3667777679316],[-73.9966659879742,40.3667649756017],[-73.996754970682,40.3667329044073],[-73.9968684963052,40.3667127546087],[-73.9969400908337,40.3667100119562]]}},{"type":"Feature","id":334943,"properties":{"OBJECTID":334943,"PRIMENAME":"Navesink Drive","ELEVTYP_F":0,"ELEVTYP_T":0},"geometry":{"type":"LineString","coordinates":[[-73.9855146258625,40.3343439577854],[-73.9855390504082,40.3349726611437],[-73.9855535778967,40.3355160539039],[-73.9855751434761,40.3359593614634],[-73.9856089751634,40.3364265781945],[-73.9856372163233,40.3368127879284],[-73.9856829190461,40.3373467388971],[-73.9856870613158,40.3376231978913],[-73.9857098226289,40.3379140149828],[-73.985732112844,40.3382524861294],[-73.9857366906598,40.33847176466],[-73.985741920019,40.338600427944],[-73.9857350624299,40.3386862115162],[-73.985690716233,40.3387813275746],[-73.9856400912899,40.3388859689026],[-73.9855521953506,40.3389808633189],[-73.9852443371307,40.339327446796],[-73.9848739457508,40.3397166309589]]}},{"type":"Feature","id":335570,"properties":{"OBJECTID":335570,"PRIMENAME":"Front Street","ELEVTYP_F":0,"ELEVTYP_T":0},"geometry":{"type":"LineString","coordinates":[[-73.9756663168717,40.360203008653],[-73.9756668615117,40.3602299693112],[-73.975675917035,40.3606732191156]]}},{"type":"Feature","id":335632,"properties":{"OBJECTID":335632,"PRIMENAME":"Narumsunk Street","ELEVTYP_F":0,"ELEVTYP_T":0},"geometry":{"type":"LineString","coordinates":[[-74.0091176171025,40.3702341742544],[-74.009287419829,40.3701748577392]]}},{"type":"Feature","id":336039,"properties":{"OBJECTID":336039,"PRIMENAME":"Ridge Road","ELEVTYP_F":0,"ELEVTYP_T":0},"geometry":{"type":"LineString","coordinates":[[-74.0301033325978,40.3546602165555],[-74.0285593529496,40.3551440310498],[-74.0269110550242,40.3556663260821],[-74.0268165564189,40.355709807451]]}},{"type":"Feature","id":337010,"properties":{"OBJECTID":337010,"PRIMENAME":"Bellevue Avenue","ELEVTYP_F":0,"ELEVTYP_T":0},"geometry":{"type":"LineString","coordinates":[[-74.0123946048882,40.3619133974791],[-74.0123094489952,40.3618032313815],[-74.0118033191152,40.3611388753974],[-74.0114939610705,40.3607431688748],[-74.0111801424638,40.3603148022467],[-74.0107583506267,40.359766617791],[-74.0104619110905,40.359367806307]]}},{"type":"Feature","id":337064,"properties":{"OBJECTID":337064,"PRIMENAME":"Heathcliff Road","ELEVTYP_F":0,"ELEVTYP_T":0},"geometry":{"type":"LineString","coordinates":[[-74.0058312924586,40.3568563111992],[-74.0057959213419,40.3568105349889],[-74.0057311472493,40.356727655171],[-74.0055305611844,40.3564710017596],[-74.0052495026347,40.3560948335012],[-74.0052307598433,40.3560697468022],[-74.0052080518781,40.3560393545256],[-74.0051233492591,40.3559259885923],[-74.0048700975226,40.3556293855219],[-74.0046665128175,40.3553520739572],[-74.0044075461615,40.3549935410523],[-74.0041545100137,40.3546635835572],[-74.0038089120555,40.3542140869361],[-74.0037383160449,40.3541181143757]]}},{"type":"Feature","id":337181,"properties":{"OBJECTID":337181,"PRIMENAME":"Church Street","ELEVTYP_F":0,"ELEVTYP_T":0},"geometry":{"type":"LineString","coordinates":[[-73.9741235277955,40.3614743247403],[-73.9742740885969,40.3614723189992],[-73.9760563177427,40.3614279736369]]}},{"type":"Feature","id":337265,"properties":{"OBJECTID":337265,"PRIMENAME":"Rivers Edge Drive","ELEVTYP_F":0,"ELEVTYP_T":0},"geometry":{"type":"LineString","coordinates":[[-74.0208839207125,40.3449821436366],[-74.0208350053873,40.3449232212544],[-74.0200815125211,40.3440145420818],[-74.0199887655725,40.3439188710196],[-74.0199207485825,40.3438470490993],[-74.0199112826572,40.3438310880965]]}},{"type":"Feature","id":337618,"properties":{"OBJECTID":337618,"PRIMENAME":"Oakes Road","ELEVTYP_F":0,"ELEVTYP_T":0},"geometry":{"type":"LineString","coordinates":[[-74.0298513164789,40.3428130968506],[-74.0298441188668,40.3428059578503],[-74.02948487294,40.3424450145445],[-74.0293678420508,40.3423274284822],[-74.028941037453,40.3419015039362],[-74.0285759861054,40.341552118308],[-74.0280934822059,40.34106878118],[-74.0273820962199,40.3403748019296]]}},{"type":"Feature","id":339014,"properties":{"OBJECTID":339014,"PRIMENAME":"Wharfside Drive","ELEVTYP_F":0,"ELEVTYP_T":0},"geometry":{"type":"LineString","coordinates":[[-73.9762904160279,40.3381391842377],[-73.9760254168316,40.3381441842033],[-73.9759734168257,40.3381561839831],[-73.9759404162754,40.3381741834964],[-73.9759094168433,40.3382091846531],[-73.9759014164827,40.3382341847056],[-73.9757864156845,40.3390161834999],[-73.9757284161586,40.339468185245],[-73.9756625612535,40.3398326647869]]}},{"type":"Feature","id":339395,"properties":{"OBJECTID":339395,"PRIMENAME":"North Cherry Lane","ELEVTYP_F":0,"ELEVTYP_T":0},"geometry":{"type":"LineString","coordinates":[[-74.0085393391834,40.369882613989],[-74.0086606602699,40.3698320420841],[-74.0087411953314,40.369817917116],[-74.0087978589387,40.3698290006877],[-74.0088403293987,40.3698472723623],[-74.0088826579738,40.3698800645508],[-74.0089295415284,40.3699381320089],[-74.008962148217,40.3699894560295]]}},{"type":"Feature","id":339704,"properties":{"OBJECTID":339704,"PRIMENAME":"Clay Street","ELEVTYP_F":0,"ELEVTYP_T":0},"geometry":{"type":"LineString","coordinates":[[-74.0357114202131,40.3664187452211],[-74.0367859440906,40.365785348149],[-74.0368378696197,40.3657548097792]]}},{"type":"Feature","id":340184,"properties":{"OBJECTID":340184,"PRIMENAME":"North Cherry Lane","ELEVTYP_F":0,"ELEVTYP_T":0},"geometry":{"type":"LineString","coordinates":[[-74.0070292187755,40.3705223190158],[-74.0071087916338,40.3704876851581],[-74.0075027084904,40.3703192446424],[-74.0075990139806,40.3702785870226]]}},{"type":"Feature","id":340415,"properties":{"OBJECTID":340415,"PRIMENAME":"Island Road","ELEVTYP_F":0,"ELEVTYP_T":0},"geometry":{"type":"LineString","coordinates":[[-73.9944392358586,40.3745996209621],[-73.9943388025463,40.3743454185516]]}},{"type":"Feature","id":341265,"properties":{"OBJECTID":341265,"PRIMENAME":"River Road","ELEVTYP_F":0,"ELEVTYP_T":0},"geometry":{"type":"LineString","coordinates":[[-74.0284546185736,40.368405197911],[-74.0281957090574,40.3685280044388],[-74.0278080307388,40.3687218240455],[-74.0273964546269,40.3689187104637],[-74.0273141395853,40.3689580881114],[-74.027270613108,40.3689772362982]]}},{"type":"Feature","id":341366,"properties":{"OBJECTID":341366,"PRIMENAME":"Buena Vista Avenue","ELEVTYP_F":0,"ELEVTYP_T":0},"geometry":{"type":"LineString","coordinates":[[-74.0183920737359,40.3598805363315],[-74.0189342708174,40.3604184158556],[-74.0189821063613,40.3604639372595]]}},{"type":"Feature","id":343046,"properties":{"OBJECTID":343046,"PRIMENAME":"Fairhaven Road","ELEVTYP_F":0,"ELEVTYP_T":0},"geometry":{"type":"LineString","coordinates":[[-74.0221464163989,40.3511668415245],[-74.0222384131093,40.3512588834426],[-74.0225972077847,40.3516177879728],[-74.0232187238816,40.3522276780461],[-74.0232654055824,40.3522734865935],[-74.0237787938434,40.3527903248422],[-74.0242985318153,40.3532929106922],[-74.0246946010168,40.3536662372262],[-74.0254371786413,40.354374661902],[-74.0261860493047,40.3550783313834],[-74.026736639288,40.3556334386206],[-74.0268165564189,40.355709807451]]}},{"type":"Feature","id":343263,"properties":{"OBJECTID":343263,"PRIMENAME":"Rumson Road","ELEVTYP_F":0,"ELEVTYP_T":0},"geometry":{"type":"LineString","coordinates":[[-74.0290999964521,40.3476297723732],[-74.0288852701811,40.3476950021432],[-74.0285434867036,40.3477972681292],[-74.0283234732669,40.3478642874111],[-74.0282222732079,40.3478947606958],[-74.0281595902303,40.3479136357294],[-74.0279910283811,40.3479701582195],[-74.0278785825932,40.3480161746751],[-74.0277784827236,40.3480571158221],[-74.0277661380126,40.3480621649068],[-74.0276442293191,40.3481224457334],[-74.0275363950816,40.3481863523009],[-74.027419013606,40.348260925795],[-74.0272828373131,40.3483604595468],[-74.0271201731476,40.3484866494844]]}},{"type":"Feature","id":344687,"properties":{"OBJECTID":344687,"PRIMENAME":"Hartshorne Lane","ELEVTYP_F":0,"ELEVTYP_T":0},"geometry":{"type":"LineString","coordinates":[[-73.9837015731957,40.3685903209097],[-73.9842182707516,40.3686775349118],[-73.9847663801787,40.3687639255635]]}},{"type":"Feature","id":345505,"properties":{"OBJECTID":345505,"PRIMENAME":"Island View Way","ELEVTYP_F":0,"ELEVTYP_T":0},"geometry":{"type":"LineString","coordinates":[[-73.9756095378236,40.3487580853228],[-73.97673989862,40.3487632045943]]}},{"type":"Feature","id":346222,"properties":{"OBJECTID":346222,"PRIMENAME":"Kemp Avenue","ELEVTYP_F":0,"ELEVTYP_T":0},"geometry":{"type":"LineString","coordinates":[[-74.0257276323432,40.3602517013178],[-74.0263589550744,40.3608652021794],[-74.0273368032539,40.361798556814],[-74.0279866143254,40.3624255474971],[-74.0281000027326,40.3625358452006]]}},{"type":"Feature","id":346681,"properties":{"OBJECTID":346681,"PRIMENAME":"Church Street","ELEVTYP_F":0,"ELEVTYP_T":0},"geometry":{"type":"LineString","coordinates":[[-74.0092313703055,40.3740471034631],[-74.0101563504967,40.3736596455566],[-74.0102403980234,40.3736320004237]]}},{"type":"Feature","id":347589,"properties":{"OBJECTID":347589,"PRIMENAME":"Island View Way","ELEVTYP_F":0,"ELEVTYP_T":0},"geometry":{"type":"LineString","coordinates":[[-73.9751083989055,40.3487558121888],[-73.9756095378236,40.3487580853228]]}},{"type":"Feature","id":351256,"properties":{"OBJECTID":351256,"PRIMENAME":"Brairwood Road","ELEVTYP_F":0,"ELEVTYP_T":0},"geometry":{"type":"LineString","coordinates":[[-74.0065699200957,40.3665303536379],[-74.0065621733471,40.3664728916987],[-74.0065544277885,40.3664154297636],[-74.0064309697578,40.3662528827623],[-74.0063512229636,40.3660857172554],[-74.0063147318536,40.3659616440942],[-74.0062906236293,40.3658471769502],[-74.0063101905727,40.3657280921902],[-74.0063670826711,40.3656187199124],[-74.0064423932158,40.3655428078125],[-74.0065615520429,40.3654384781815],[-74.0067428717981,40.365348687922],[-74.0069303314087,40.3652779758542],[-74.0070863970634,40.3652357612748],[-74.0072361488892,40.3652077948494],[-74.0073795526535,40.3651941025757],[-74.0074731427234,40.3651754497804],[-74.0075544192482,40.3651376660584],[-74.0076233115042,40.3650903025034],[-74.007661259235,40.3650094264715],[-74.0076618831837,40.3649236694475],[-74.0076252881522,40.3648186476324],[-74.0074962103633,40.3645750672297],[-74.0074348123567,40.3644508883203],[-74.0073733454232,40.3643362082154],[-74.0073243652403,40.3642168582718],[-74.0073002560945,40.3641023642786],[-74.0073008806773,40.3640165802272],[-74.007307750155,40.3639308218776],[-74.0073333494261,40.3638356189618],[-74.0073723276864,40.3637659748738]]}},{"type":"Feature","id":367190,"properties":{"OBJECTID":367190,"PRIMENAME":"Imbrie Place","ELEVTYP_F":0,"ELEVTYP_T":0},"geometry":{"type":"LineString","coordinates":[[-73.9737959804373,40.3500461796591],[-73.9740569444443,40.3501011173665],[-73.9757121970327,40.3501055854356],[-73.9757737034262,40.350089381439],[-73.9759013873414,40.3500557390083]]}},{"type":"Feature","id":376163,"properties":{"OBJECTID":376163,"PRIMENAME":"Brairwood Road","ELEVTYP_F":0,"ELEVTYP_T":0},"geometry":{"type":"LineString","coordinates":[[-74.0073723276864,40.3637659748738],[-74.0073838556807,40.3637452973654],[-74.0074407445462,40.3636358974832],[-74.0075161557468,40.3635456827912],[-74.0076166132941,40.3634460206087],[-74.0077105469765,40.3633749360493],[-74.0078294562639,40.3633039576997],[-74.0079856563049,40.3632474131455],[-74.0081543411644,40.3631766462029],[-74.0082669367904,40.3631151658032],[-74.0083855345273,40.3630870924266],[-74.008472876792,40.3630683852329],[-74.0085481788528,40.3630522612068]]}},{"type":"Feature","id":383392,"properties":{"OBJECTID":383392,"PRIMENAME":"Black Point Road","ELEVTYP_F":0,"ELEVTYP_T":0},"geometry":{"type":"LineString","coordinates":[[-73.9956301946033,40.3732464541483],[-73.9963749384406,40.3730969852956],[-73.9968253792063,40.3730075042907],[-73.9971219035263,40.3729478239132],[-73.9971685912376,40.3729345208267],[-73.9972118621797,40.3729222458151]]}},{"type":"Feature","id":396988,"properties":{"OBJECTID":396988,"PRIMENAME":"Riverview Avenue","ELEVTYP_F":0,"ELEVTYP_T":0},"geometry":{"type":"LineString","coordinates":[[-73.9972118621797,40.3729222458151],[-73.9971810648036,40.372962802216],[-73.9971533588045,40.3730251875042],[-73.9971495567761,40.3730568178816],[-73.9970300094809,40.373822723625],[-73.9970173304183,40.3739010976482]]}},{"type":"Feature","id":398378,"properties":{"OBJECTID":398378,"PRIMENAME":"Tulip Tree Lane","ELEVTYP_F":0,"ELEVTYP_T":0},"geometry":{"type":"LineString","coordinates":[[-73.9948271348164,40.3665633575988],[-73.9947937279655,40.3664904366728],[-73.993971339342,40.3654802400325],[-73.9938818133103,40.3654156105102]]}},{"type":"Feature","id":401486,"properties":{"OBJECTID":401486,"PRIMENAME":"Sheraton Lane","ELEVTYP_F":0,"ELEVTYP_T":0},"geometry":{"type":"LineString","coordinates":[[-74.0126364747998,40.3693367227941],[-74.0122871400009,40.368957105291],[-74.0118751557635,40.3684368474188],[-74.011312025106,40.3677208926573],[-74.0112004157205,40.3675789932305],[-74.0111324188981,40.3675024164813],[-74.0110581095599,40.3674401990459],[-74.0109650339539,40.3673873725184],[-74.0108531571557,40.3673487686798],[-74.0107598406707,40.3673292955464],[-74.0106290227756,40.3673192159266],[-74.0104046845211,40.3673277925877],[-74.010155333909,40.3673458151428],[-74.0098810415759,40.3673636774235],[-74.0095755613086,40.3673814887631],[-74.0093198980642,40.3674137580086],[-74.0087397791295,40.367501858957],[-74.0084216729085,40.3675481911553],[-74.0082720193305,40.3675618293143],[-74.0081225744038,40.3675469194464],[-74.0079546066094,40.36751757246],[-74.0077803572436,40.3674835043211],[-74.0076187017852,40.3674351323184],[-74.00750068691,40.3673821977273],[-74.0073703558506,40.3673101573586],[-74.0072339217007,40.3672237894586],[-74.0070789972166,40.3671087380286],[-74.0069365976977,40.3669842136406],[-74.0067879869802,40.3668549134732],[-74.0066643564493,40.3667256917532],[-74.0065840157375,40.3666348132306],[-74.0065699200957,40.3665303536379]]}},{"type":"Feature","id":402597,"properties":{"OBJECTID":402597,"PRIMENAME":"Avenue of Two Rivers","ELEVTYP_F":0,"ELEVTYP_T":0},"geometry":{"type":"LineString","coordinates":[[-73.9948023664173,40.3698855181322],[-73.9946919468707,40.3697500828246],[-73.9946021224479,40.3696399059863]]}},{"type":"Feature","id":402626,"properties":{"OBJECTID":402626,"PRIMENAME":"Avenue of Two Rivers","ELEVTYP_F":0,"ELEVTYP_T":0},"geometry":{"type":"LineString","coordinates":[[-73.9941277420259,40.3690614864487],[-73.9936723741998,40.368507988003],[-73.9928682038113,40.3675272634356]]}},{"type":"Feature","id":402644,"properties":{"OBJECTID":402644,"PRIMENAME":"Avenue of Two Rivers","ELEVTYP_F":0,"ELEVTYP_T":0},"geometry":{"type":"LineString","coordinates":[[-73.9989480820457,40.3749174252959],[-73.9990570910224,40.3750337989726],[-73.9992917948571,40.3753160033787],[-73.9994223294488,40.3754827061316]]}},{"type":"Feature","id":402666,"properties":{"OBJECTID":402666,"PRIMENAME":"Avenue of Two Rivers South","ELEVTYP_F":0,"ELEVTYP_T":0},"geometry":{"type":"LineString","coordinates":[[-73.9892758716518,40.3611308634022],[-73.9892172206328,40.3610564297264],[-73.9887914171287,40.3605159987465],[-73.9883964450276,40.3600233594404],[-73.9882481379165,40.3598559330023],[-73.9878409013499,40.3593346049819],[-73.9875754048237,40.3590188866044],[-73.9873037758956,40.3586888372251],[-73.9872880256831,40.3586695376634],[-73.9870383214765,40.3583635636975],[-73.9865508368795,40.3577466180118],[-73.985834801976,40.3568712643789]]}},{"type":"Feature","id":402672,"properties":{"OBJECTID":402672,"PRIMENAME":"Avenue of Two Rivers","ELEVTYP_F":0,"ELEVTYP_T":0},"geometry":{"type":"LineString","coordinates":[[-73.9928682038113,40.3675272634356],[-73.9927585574893,40.3673935318536],[-73.9920051246578,40.3664942260117],[-73.9911319758146,40.3654379118088],[-73.9910158930317,40.3652974782222],[-73.9908687999493,40.3651195230346]]}},{"type":"Feature","id":402690,"properties":{"OBJECTID":402690,"PRIMENAME":"Avenue of Two Rivers","ELEVTYP_F":0,"ELEVTYP_T":0},"geometry":{"type":"LineString","coordinates":[[-73.9963826987184,40.3718617456962],[-73.9966046703922,40.3721445036601],[-73.9971539847036,40.3728522670377],[-73.9972118621797,40.3729222458151]]}},{"type":"Feature","id":402693,"properties":{"OBJECTID":402693,"PRIMENAME":"Avenue of Two Rivers","ELEVTYP_F":0,"ELEVTYP_T":0},"geometry":{"type":"LineString","coordinates":[[-73.988389740775,40.3621063726486],[-73.9885224803365,40.3623020598785],[-73.9892139533754,40.3631391281976],[-73.9900413463672,40.3641340915805],[-73.9903809446505,40.3645454713595],[-73.9906978482198,40.3649183672907],[-73.9908687999493,40.3651195230346]]}},{"type":"Feature","id":402699,"properties":{"OBJECTID":402699,"PRIMENAME":"Avenue of Two Rivers","ELEVTYP_F":0,"ELEVTYP_T":0},"geometry":{"type":"LineString","coordinates":[[-73.9998599613705,40.3760202659692],[-74.0000960840025,40.3763086757888],[-74.0003601611634,40.3766312250877]]}},{"type":"Feature","id":402709,"properties":{"OBJECTID":402709,"PRIMENAME":"Avenue of Two Rivers","ELEVTYP_F":0,"ELEVTYP_T":0},"geometry":{"type":"LineString","coordinates":[[-73.998036675536,40.3739289433755],[-73.9981790493757,40.3741101660282],[-73.9983026429253,40.3742536708307],[-73.9984572140944,40.3744163891347],[-73.9986057192357,40.3745600016427],[-73.9988778195235,40.3748423699356],[-73.9989480820457,40.3749174252959]]}},{"type":"Feature","id":402731,"properties":{"OBJECTID":402731,"PRIMENAME":"Avenue of Two Rivers","ELEVTYP_F":0,"ELEVTYP_T":0},"geometry":{"type":"LineString","coordinates":[[-73.9994223294488,40.3754827061316],[-73.9995202207074,40.3756077062611],[-73.9997611039912,40.3758994625675],[-73.9998599613705,40.3760202659692]]}},{"type":"Feature","id":402743,"properties":{"OBJECTID":402743,"PRIMENAME":"Avenue of Two Rivers","ELEVTYP_F":0,"ELEVTYP_T":0},"geometry":{"type":"LineString","coordinates":[[-73.9946021224479,40.3696399059863],[-73.9944319187914,40.3694311369759],[-73.9941277420259,40.3690614864487]]}},{"type":"Feature","id":402765,"properties":{"OBJECTID":402765,"PRIMENAME":"Avenue of Two Rivers","ELEVTYP_F":0,"ELEVTYP_T":0},"geometry":{"type":"LineString","coordinates":[[-73.9948023664173,40.3698855181322],[-73.9955799843249,40.3708389631463],[-73.9957593190818,40.3710674304549]]}},{"type":"Feature","id":402787,"properties":{"OBJECTID":402787,"PRIMENAME":"Avenue of Two Rivers","ELEVTYP_F":0,"ELEVTYP_T":0},"geometry":{"type":"LineString","coordinates":[[-73.9957593190818,40.3710674304549],[-73.9963826987184,40.3718617456962]]}},{"type":"Feature","id":402788,"properties":{"OBJECTID":402788,"PRIMENAME":"Avenue of Two Rivers","ELEVTYP_F":0,"ELEVTYP_T":0},"geometry":{"type":"LineString","coordinates":[[-73.9972118621797,40.3729222458151],[-73.9976048404268,40.3733975792065],[-73.9980062029803,40.373890185995],[-73.998036675536,40.3739289433755]]}}]}
